File Name,uuid
CRMP_SFM_FIXED_2019_SE1902_MHI_HAW_HAW-3441_c20230530_part3of3.tar,9a522568-6e5a-4bbe-bd10-b8aedd41f5b7
CRMP_SFM_FIXED_2019_SE1902_MHI_HAW_HAW-3441_c20230530_part1of3.tar,ed00c129-b2e9-4be8-8a44-3b4379b19624
CRMP_SFM_FIXED_2019_SE1902_MHI_HAW_HAW-3441_c20230530_part2of3.tar,3e10d4fe-1b2a-4835-a8db-44fdc1f784a7
CRMP_SFM_FIXED_2019_SE1902_MHI_HAW_HAW-SIO-997_c20230531_part2of2.tar,44d8eb6f-dd8e-4de8-ac5d-1fc147dfffff
CRMP_SFM_FIXED_2019_SE1902_MHI_HAW_OCC-HAW-002_c20230530_part1of3.tar,311aaad4-1b0a-42d2-827d-3e51e81b6fcd
CRMP_SFM_FIXED_2019_SE1902_MHI_HAW_OCC-HAW-002_c20230530_part2of3.tar,7ba39227-e670-4a30-84f5-be990c0cfdb2
CRMP_SFM_FIXED_2019_SE1902_MHI_HAW_OCC-HAW-002_c20230530_part3of3.tar,dfc7b402-4235-47e8-854d-a8a223470aeb
CRMP_SFM_FIXED_2019_SE1902_MHI_HAW_OCC-HAW-003_c20230531_part2of2.tar,0bdbbc4b-507f-4e01-90c9-d99104c2e3ae
CRMP_SFM_FIXED_2019_SE1902_MHI_HAW_OCC-HAW-004_c20230531_part2of2.tar,a170829e-1923-4893-9787-02c70a4d9ad4
CRMP_SFM_FIXED_2019_SE1902_MHI_HAW_OCC-HAW-010_c20230531_part1of3.tar,2164c560-ba32-440d-892b-3acf8d75834f
CRMP_SFM_FIXED_2019_SE1902_MHI_HAW_OCC-HAW-010_c20230531_part3of3.tar,9ffeb84a-e3ad-4767-b358-50a824556a10
CRMP_SFM_FIXED_2019_SE1902_MHI_HAW_OCC-HAW-012_c20230530_part2of2.tar,bba66ebc-5838-4783-a2fd-872bd6e586f5
CRMP_SFM_FIXED_2019_SE1902_MHI_HAW_OCC-HAW-003_c20230531_part1of2.tar,fd6924d2-f2ce-4973-be52-b53e339bab00
CRMP_SFM_FIXED_2019_SE1902_MHI_HAW_OCC-HAW-004_c20230531_part1of2.tar,6c23a3b5-2662-45cc-b167-f40185c93a09
CRMP_SFM_FIXED_2019_SE1902_MHI_HAW_OCC-HAW-010_c20230531_part2of3.tar,c8ea4d6d-2de9-44b9-92bf-450e46339940
CRMP_SFM_FIXED_2019_SE1902_MHI_HAW_OCC-HAW-012_c20230530_part1of2.tar,7c91ee06-a1f9-4957-9556-be08144d9b43
CRMP_SFM_FIXED_2019_SE1902_MHI_HAW_OCC-HAW-013_c20230530_part1of2.tar,63c41c1d-7da9-442a-96c7-0e82b307bcf4
CRMP_SFM_FIXED_2019_SE1902_MHI_HAW_OCC-HAW-013_c20230530_part2of2.tar,ef6f2ff4-f05f-46d2-8980-533e0e48dc42
CRMP_SFM_FIXED_2019_SE1902_MHI_HAW_OCC-HAW-015_c20230531_part2of2.tar,8dcb47f7-21e9-4539-a6da-93cb292d9e47
CRMP_SFM_FIXED_2019_SE1902_MHI_HAW_OCC-HAW-024_c20230531_part1of2.tar,5c5ab57c-87b1-4574-82ff-8e55e3280048
CRMP_SFM_FIXED_2019_SE1902_MHI_HAW_OCC-HAW-024_c20230531_part2of2.tar,d3e9370d-1376-45e7-8440-425cd20715c5
CRMP_SFM_FIXED_2019_SE1902_MHI_LAN_LAN-SIO-002_c20230531_part1of2.tar,0e401cad-07e6-4314-bfca-3475ef67bf83
CRMP_SFM_FIXED_2019_SE1902_MHI_LAN_LAN-SIO-002_c20230531_part2of2.tar,5d8fd9cc-a544-4069-bdb7-af2867251cdb
CRMP_SFM_FIXED_2019_SE1902_MHI_LAN_OCC-LAN-003_c20230530_part1of2.tar,30afe2e5-8519-4bb6-8110-01a7780b7f60
CRMP_SFM_FIXED_2019_SE1902_MHI_LAN_OCC-LAN-003_c20230530_part2of2.tar,70f08695-895d-48fb-b91e-21767fa3839d
CRMP_SFM_FIXED_2019_SE1902_MHI_MAI_OCC-MAI-002_c20230530_part1of2.tar,b6c89a6f-8c74-46a2-80c5-3b363c93de72
CRMP_SFM_FIXED_2019_SE1902_MHI_MAI_OCC-MAI-002_c20230530_part2of2.tar,a63abedd-81f8-48a2-b808-276aa81e3e21
CRMP_SFM_FIXED_2019_SE1902_MHI_HAW_OCC-HAW-014_c20230601_part1of2.tar,db90e80a-cc92-45dc-9b06-f9a551ad7938
CRMP_SFM_FIXED_2019_SE1902_MHI_HAW_OCC-HAW-015_c20230531_part1of2.tar,5dbf3ba7-6aa2-4fe2-91f3-9e747009a47b
CRMP_SFM_FIXED_2019_SE1902_MHI_KAU_OCC-KAU-007_c20230601_part1of2.tar,75135a7e-e2a9-4021-a38b-6c97d0e99e50
CRMP_SFM_FIXED_2019_SE1902_MHI_KAU_OCC-KAU-007_c20230601_part2of2.tar,61f36f34-572a-4bd2-9e8c-3ab2636b163a
CRMP_SFM_FIXED_2019_SE1902_MHI_LAN_OCC-LAN-001_c20230601_part1of1.tar,3b2a1357-5003-4782-85b6-aee20fe8e680
CRMP_SFM_FIXED_2019_SE1902_MHI_LAN_OCC-LAN-002_c20230601_part1of2.tar,a25269b2-e4d8-4a70-b318-a4269a08e4ea
CRMP_SFM_FIXED_2019_SE1902_MHI_LAN_OCC-LAN-002_c20230601_part2of2.tar,8106db11-e2fe-443f-a619-c4f048e685c9
CRMP_SFM_FIXED_2019_SE1902_MHI_MAI_OCC-MAI-005_c20230530_part1of2.tar,dda19ed3-3520-40de-89de-40813c321b35
CRMP_SFM_FIXED_2019_SE1902_MHI_MAI_OCC-MAI-005_c20230530_part2of2.tar,f708ac1e-de44-46e2-910f-d1b58ec58c56
CRMP_SFM_FIXED_2019_SE1902_MHI_MOL_MOL-SIO-908_c20230530_part1of2.tar,3036793f-d07f-4f9a-b838-113c09651943
CRMP_SFM_FIXED_2019_SE1902_MHI_MOL_MOL-SIO-908_c20230530_part2of2.tar,d51a148b-1a8c-492f-9129-a026d61fb8dd
CRMP_SFM_FIXED_2019_SE1902_MHI_OAH_OCC-OAH-012_c20230601_part1of2.tar,7d71428d-2e92-4eaf-8ded-d6babb8dacf8
CRMP_SFM_FIXED_2019_SE1902_MHI_OAH_OCC-OAH-012_c20230601_part2of2.tar,918f89df-ad8c-466d-9cb1-ef715fef053b
CRMP_SFM_StRS_2019_SE1902_MHI_HAW_HAW-3401_c20230314_part1of1.tar,4f8f00d0-87fd-4e4e-aa21-2294f34cd1d3
CRMP_SFM_StRS_2019_SE1902_MHI_HAW_HAW-3717_c20230314_part1of1.tar,441becb4-2653-40f4-ab5f-de9c27cdacea
CRMP_SFM_StRS_2019_SE1902_MHI_HAW_HAW-3718_c20230314_part1of1.tar,92908f77-df0d-4863-ae80-c9eb7889ee9f
CRMP_SFM_StRS_2019_SE1902_MHI_HAW_HAW-3727_c20230314_part1of1.tar,e6be5118-676f-44e5-8997-1e3146f5ad2a
CRMP_SFM_StRS_2019_SE1902_MHI_HAW_HAW-3798_c20230314_part1of1.tar,58d950e1-adfe-4ff1-9a2e-8d4d993cb00b
CRMP_SFM_StRS_2019_SE1902_MHI_HAW_HAW-3804_c20230314_part1of1.tar,0f466d0d-a86a-4414-b272-5d0e128a1c69
CRMP_SFM_StRS_2019_SE1902_MHI_HAW_HAW-3814_c20230314_part1of1.tar,23d00043-bb7b-4514-83b1-3730dc093c99
CRMP_SFM_StRS_2019_SE1902_MHI_HAW_HAW-3759_c20230314_part1of1.tar,d8ef026f-e300-4d2d-9329-ce409c53c011
CRMP_SFM_StRS_2019_SE1902_MHI_HAW_HAW-3817_c20230314_part1of1.tar,097f9e6d-cfd3-4088-b57b-1b38b29ff4ce
CRMP_SFM_StRS_2019_SE1902_MHI_HAW_HAW-3820_c20230314_part1of1.tar,8e1a65bb-1afb-4282-90a2-a2eddad4f9a4
CRMP_SFM_StRS_2019_SE1902_MHI_HAW_HAW-3835_c20230314_part1of1.tar,603451ed-0a03-40c7-9789-cfb297ed773d
CRMP_SFM_StRS_2019_SE1902_MHI_HAW_HAW-3843_c20230314_part1of1.tar,49df80b1-90e9-4991-86db-623b1985ac83
CRMP_SFM_StRS_2019_SE1902_MHI_HAW_HAW-3854_c20230314_part1of1.tar,30508d6f-2485-400a-ba8b-bd2e4e59561d
CRMP_SFM_StRS_2019_SE1902_MHI_HAW_HAW-4203_c20230314_part1of1.tar,21cc13f4-6248-4c60-8b4f-e973e5ea0546
CRMP_SFM_StRS_2019_SE1902_MHI_HAW_HAW-4208_c20230314_part1of2.tar,1b2fef11-cea1-4bfc-ad88-60d75b4ef70f
CRMP_SFM_StRS_2019_SE1902_MHI_HAW_HAW-4208_c20230314_part2of2.tar,12c6581e-3284-4c74-b8c0-129d5d3d6840
CRMP_SFM_StRS_2019_SE1902_MHI_HAW_HAW-4219_c20230314_part1of1.tar,687d9104-2d94-4478-aa46-2b1916b1fae2
CRMP_SFM_StRS_2019_SE1902_MHI_HAW_HAW-4220_c20230314_part1of1.tar,de0d711d-d184-4229-92b5-df7ae2b4b2ad
CRMP_SFM_StRS_2019_SE1902_MHI_HAW_HAW-4221_c20230314_part1of1.tar,04cd2d63-16f5-4b6a-8531-e3b670865362
CRMP_SFM_StRS_2019_SE1902_MHI_HAW_HAW-4224_c20230314_part1of1.tar,33a38127-1e6c-490c-80b1-49c65a4ac1bf
CRMP_SFM_StRS_2019_SE1902_MHI_HAW_HAW-4227_c20230314_part1of2.tar,a473f057-b2f1-4f70-ae52-0fab104e4a4d
CRMP_SFM_StRS_2019_SE1902_MHI_HAW_HAW-4227_c20230314_part2of2.tar,9d1e2136-ddc2-4dc1-83e4-f5823c3c5014
CRMP_SFM_StRS_2019_SE1902_MHI_HAW_HAW-4231_c20230314_part1of1.tar,e9e6957a-1531-43f5-89f5-75aa3b4645f3
CRMP_SFM_StRS_2019_SE1902_MHI_HAW_HAW-4232_c20230314_part1of1.tar,31663260-2477-4dc5-832f-84d77550d441
CRMP_SFM_StRS_2019_SE1902_MHI_HAW_HAW-4234_c20230314_part1of1.tar,a2b79e20-5f2f-4368-8a33-4cd7efe0678d
CRMP_SFM_StRS_2019_SE1902_MHI_HAW_HAW-4237_c20230314_part1of1.tar,e73b2969-30c9-4243-b396-5225c6e9335e
CRMP_SFM_StRS_2019_SE1902_MHI_HAW_HAW-4239_c20230314_part1of1.tar,73a36179-7026-4d6e-85f9-bd95be8ec025
CRMP_SFM_StRS_2019_SE1902_MHI_HAW_HAW-4240_c20230314_part1of1.tar,5ffb78f8-09cb-4889-a4a1-71750065e3f6
CRMP_SFM_StRS_2019_SE1902_MHI_HAW_HAW-4241_c20230314_part1of1.tar,41cd6dc4-57c8-4653-93b3-d707a7441904
CRMP_SFM_StRS_2019_SE1902_MHI_HAW_HAW-4243_c20230314_part1of2.tar,8cfc4f48-9c3f-4c1d-ad75-426fed457d42
CRMP_SFM_StRS_2019_SE1902_MHI_HAW_HAW-4243_c20230314_part2of2.tar,eb8c6481-85e3-48f6-aa20-49248ccf6c21
CRMP_SFM_StRS_2019_SE1902_MHI_HAW_HAW-4245_c20230314_part1of1.tar,c189bfaa-9085-40b3-a220-ec81190d0052
CRMP_SFM_StRS_2019_SE1902_MHI_HAW_HAW-4247_c20230314_part1of1.tar,14bc1643-4288-4e3e-9a46-8095676fd717
CRMP_SFM_StRS_2019_SE1902_MHI_HAW_HAW-4249_c20230314_part1of1.tar,3ae57647-17c8-4e33-9382-e53dc75d5bc9
CRMP_SFM_StRS_2019_SE1902_MHI_HAW_HAW-4252_c20230314_part1of1.tar,d5a12781-4f29-4124-829f-8bce491b299e
CRMP_SFM_StRS_2019_SE1902_MHI_HAW_HAW-4253_c20230314_part1of1.tar,93bb362b-71bb-4be1-88cc-b4e9112887c1
CRMP_SFM_StRS_2019_SE1902_MHI_HAW_HAW-4254_c20230314_part1of1.tar,28380fdb-1b31-447e-ab54-4e6002eb6995
CRMP_SFM_StRS_2019_SE1902_MHI_HAW_HAW-4257_c20230314_part1of1.tar,46428fde-b8b1-4137-bc88-1d94e5b8991e
CRMP_SFM_StRS_2019_SE1902_MHI_HAW_HAW-4259_c20230314_part1of1.tar,ffafb6d6-eba7-46cc-afad-ce134699aae3
CRMP_SFM_StRS_2019_SE1902_MHI_HAW_HAW-4260_c20230314_part1of1.tar,413eaa3f-8d39-488c-9703-fd37476d1f53
CRMP_SFM_StRS_2019_SE1902_MHI_HAW_HAW-4263_c20230314_part1of1.tar,df1ad7fb-d14d-4a25-a31c-6e6136c5ba32
CRMP_SFM_StRS_2019_SE1902_MHI_HAW_HAW-4264_c20230314_part1of1.tar,a8c12cfe-e174-4d77-bbd2-96c39b54d609
CRMP_SFM_StRS_2019_SE1902_MHI_HAW_HAW-4267_c20230314_part1of1.tar,e12ecba3-ef4c-4643-b1b0-3c5972bcf21d
CRMP_SFM_StRS_2019_SE1902_MHI_HAW_HAW-4268_c20230314_part1of1.tar,17b895bf-eaa3-4601-ab05-31b8244939e5
CRMP_SFM_StRS_2019_SE1902_MHI_HAW_HAW-4272_c20230314_part1of1.tar,1c0f1692-dce2-4ef0-b3f9-72a69e3b4225
CRMP_SFM_StRS_2019_SE1902_MHI_HAW_HAW-4277_c20230314_part1of2.tar,e7b39dd3-75d1-4f2b-aa1a-3844bb0a2300
CRMP_SFM_StRS_2019_SE1902_MHI_HAW_HAW-4277_c20230314_part2of2.tar,3ea13d13-5893-4fbd-aa1c-99aecdbb9e91
CRMP_SFM_StRS_2019_SE1902_MHI_HAW_HAW-4278_c20230314_part1of1.tar,90bb1396-8fee-46cf-9687-c6a38d150497
CRMP_SFM_StRS_2019_SE1902_MHI_HAW_HAW-4280_c20230314_part1of2.tar,3b70480f-61d0-4d88-94af-7394f42431f2
CRMP_SFM_StRS_2019_SE1902_MHI_HAW_HAW-4280_c20230314_part2of2.tar,29771e29-de5e-41e3-9cfc-a9e4241ea866
CRMP_SFM_StRS_2019_SE1902_MHI_HAW_HAW-4283_c20230314_part1of1.tar,953c6ddb-3d8a-42d2-9c50-f8d137413878
CRMP_SFM_StRS_2019_SE1902_MHI_HAW_HAW-4285_c20230314_part1of1.tar,926686fa-f627-42d8-bff1-920476605084
CRMP_SFM_StRS_2019_SE1902_MHI_HAW_HAW-4287_c20230314_part1of2.tar,42cd0df5-69ee-44aa-b9f8-5bee76e322f4
CRMP_SFM_StRS_2019_SE1902_MHI_HAW_HAW-4287_c20230314_part2of2.tar,4b5876b8-6b64-4f53-9f1e-e88f85f2faa9
CRMP_SFM_StRS_2019_SE1902_MHI_HAW_HAW-4292_c20230314_part1of1.tar,3140e572-447c-4931-981f-82727b49596d
CRMP_SFM_StRS_2019_SE1902_MHI_HAW_HAW-4294_c20230314_part1of1.tar,10ac56c8-8cb5-4395-b15f-ba1f6793ed9c
CRMP_SFM_StRS_2019_SE1902_MHI_HAW_HAW-4296_c20230314_part1of1.tar,098553be-aa92-4804-adf9-9fe4f491af64
CRMP_SFM_StRS_2019_SE1902_MHI_HAW_HAW-4299_c20230314_part1of1.tar,35f85f0c-1c25-4699-a77f-25db98d8b905
CRMP_SFM_StRS_2019_SE1902_MHI_HAW_HAW-4300_c20230314_part1of1.tar,b25247f0-486c-43d1-a91e-fa5ea3c0bd3e
CRMP_SFM_StRS_2019_SE1902_MHI_HAW_HAW-4304_c20230314_part1of1.tar,33578115-7d35-4918-9c7a-ac1ba13aae1f
CRMP_SFM_FIXED_2019_SE1902_MHI_MOL_OCC-MOL-003_c20230530_part1of2.tar,c400ada1-6b34-4d6e-a08b-36e5695e093e
CRMP_SFM_FIXED_2019_SE1902_MHI_MOL_OCC-MOL-003_c20230530_part2of2.tar,c8dee5c9-cb83-48de-8cf8-e87d40bad6df
CRMP_SFM_FIXED_2019_SE1902_MHI_MOL_OCC-MOL-005_c20230530_part1of2.tar,27bed414-657d-4a78-84d2-30867bed8d86
CRMP_SFM_FIXED_2019_SE1902_MHI_MOL_OCC-MOL-005_c20230530_part2of2.tar,b61f277c-9ef8-422c-91dc-7fd8a8c5067a
CRMP_SFM_FIXED_2019_SE1902_MHI_MOL_OCC-MOL-006_c20230530_part1of2.tar,aa53520f-51a2-4726-9190-8c9db93eb29e
CRMP_SFM_FIXED_2019_SE1902_MHI_MOL_OCC-MOL-006_c20230530_part2of2.tar,51c70000-b8b7-4f9f-9998-8ec2a99a62b5
CRMP_SFM_FIXED_2019_SE1902_MHI_MOL_OCC-MOL-008_c20230530_part1of2.tar,669567ae-bb70-469d-a67c-645898d49e80
CRMP_SFM_FIXED_2019_SE1902_MHI_MOL_OCC-MOL-008_c20230530_part2of2.tar,6cae67a5-da51-4e76-94ab-c75b26a56536
CRMP_SFM_FIXED_2019_SE1902_MHI_MOL_OCC-MOL-010_c20230530_part1of2.tar,b86c5eca-d8a7-40c9-a354-0ead5e113505
CRMP_SFM_FIXED_2019_SE1902_MHI_MOL_OCC-MOL-010_c20230530_part2of2.tar,4c84931a-365a-4de2-b6b2-19cf8323c482
CRMP_SFM_FIXED_2019_SE1902_MHI_NII_OCC-NII-001_c20230530_part1of2.tar,a79bb3cc-f757-4233-9da3-e3ad8ea04d96
CRMP_SFM_FIXED_2019_SE1902_MHI_NII_OCC-NII-001_c20230530_part2of2.tar,b205644b-f9f7-4425-89a0-d45936c33e83
CRMP_SFM_FIXED_2019_SE1902_MHI_NII_OCC-NII-003_c20230530_part1of2.tar,8e2247d1-e3e3-4239-a466-af7045046ca1
CRMP_SFM_FIXED_2019_SE1902_MHI_NII_OCC-NII-003_c20230530_part2of2.tar,564bd91f-9fbe-405f-adf5-fa8a3b1df346
CRMP_SFM_FIXED_2019_SE1902_MHI_OAH_OCC-OAH-005_c20230530_part1of2.tar,b047850b-5ca8-4847-afd5-c73c7aeaa62a
CRMP_SFM_FIXED_2019_SE1902_MHI_OAH_OCC-OAH-005_c20230530_part2of2.tar,345d4b95-2417-46c4-8c2a-a78d5bfea65a
CRMP_SFM_FIXED_2019_SE1902_MHI_OAH_OCC-OAH-008_c20230530_part1of2.tar,ed62e34c-8e9e-473b-ad50-0530043d9511
CRMP_SFM_FIXED_2019_SE1902_MHI_OAH_OCC-OAH-008_c20230530_part2of2.tar,283632de-2c6a-4996-bdbd-346385cbe7aa
CRMP_SFM_FIXED_2019_SE1902_MHI_OAH_OCC-OAH-010_c20230530_part2of2.tar,4cd9140e-5aef-43d6-8eb2-4f71fc8c8d96
CRMP_SFM_StRS_2019_SE1902_MHI_LAN_LAN-1788_c20230314_part1of1.tar,b7f7288e-b1e4-4e9f-9cf4-2efb30c7d320
CRMP_SFM_StRS_2019_SE1902_MHI_LAN_LAN-1814_c20230314_part1of1.tar,4232cb80-0f39-412a-afd3-e9760d0264d1
CRMP_SFM_StRS_2019_SE1902_MHI_LAN_LAN-1816_c20230314_part1of1.tar,e34878ea-7cc6-4ec3-bc74-4d3b684b0bff
CRMP_SFM_StRS_2019_SE1902_MHI_LAN_LAN-2021_c20230314_part1of1.tar,4f0dfada-edae-46cd-bbb6-102e2b9b27f9
CRMP_SFM_StRS_2019_SE1902_MHI_LAN_LAN-2023_c20230314_part1of1.tar,73de7e69-25ef-430e-a9a9-1569834fb498
CRMP_SFM_StRS_2019_SE1902_MHI_LAN_LAN-2053_c20230314_part1of1.tar,6c392bdd-5ff5-442c-ae90-54a148f67d4d
CRMP_SFM_StRS_2019_SE1902_MHI_LAN_LAN-2066_c20230314_part1of1.tar,9e37fb47-f2c6-4bf4-a356-2c72e4f7e45d
CRMP_SFM_StRS_2019_SE1902_MHI_metadata_c20230608.csv,21626cbd-d214-4278-9d75-6b47a22509e1
CRMP_SFM_FIXED_2019_SE1902_MHI_OAH_OCC-OAH-010_c20230530_part1of2.tar,d7437da7-6915-4a1d-81cd-11dce54acb88
CRMP_SFM_StRS_2019_SE1902_MHI_HAW_HAW-3350_c20230105_part1of1.tar,a849cc9f-bc89-4472-9fe4-f3d48c3f90dc
CRMP_SFM_StRS_2019_SE1902_MHI_HAW_HAW-3356_c20230105_part1of1.tar,15c34756-88da-4726-a706-7ef238d0b92b
CRMP_SFM_StRS_2019_SE1902_MHI_HAW_HAW-3341_c20230105_part1of1.tar,d5f9042f-77a8-4e1d-af23-3582535147b5
CRMP_SFM_StRS_2019_SE1902_MHI_HAW_HAW-3357_c20230105_part1of1.tar,d2ccfa12-f940-4e7d-a179-f29d13a3853d
CRMP_SFM_StRS_2019_SE1902_MHI_HAW_HAW-3359_c20230105_part1of1.tar,28368141-2f94-4f20-aa7c-9faaaf6ee136
CRMP_SFM_StRS_2019_SE1902_MHI_HAW_HAW-3362_c20230105_part1of1.tar,6f4d9b07-8ce3-4287-8b87-fb5191e8383f
CRMP_SFM_StRS_2019_SE1902_MHI_HAW_HAW-3366_c20230105_part1of1.tar,58446338-45c7-4ef4-abb4-b5a8e43b03d7
CRMP_SFM_StRS_2019_SE1902_MHI_HAW_HAW-3367_c20230105_part1of1.tar,3067abb7-037a-4581-830a-f8774fef0b4c
CRMP_SFM_StRS_2019_SE1902_MHI_HAW_HAW-3368_c20230105_part1of1.tar,bf3d54dd-a994-44d1-a4e4-9ed7af11073f
CRMP_SFM_StRS_2019_SE1902_MHI_HAW_HAW-3399_c20230105_part1of1.tar,5e765cbb-7757-4040-804d-f08bcd179b44
CRMP_SFM_StRS_2019_SE1902_MHI_HAW_HAW-3413_c20230105_part1of1.tar,deda3696-1017-44ad-8efb-97d21143caf2
CRMP_SFM_StRS_2019_SE1902_MHI_HAW_HAW-3433_c20230105_part1of1.tar,aaa0c09e-735c-45b9-b97b-20b64bd5ecdd
CRMP_SFM_StRS_2019_SE1902_MHI_HAW_HAW-3434_c20230105_part1of1.tar,1b68f985-a17d-4705-904f-fb8885c7a63c
CRMP_SFM_StRS_2019_SE1902_MHI_HAW_HAW-3436_c20230105_part1of1.tar,706f8b77-05a2-4fce-b260-bb53ccfceed3
CRMP_SFM_StRS_2019_SE1902_MHI_HAW_HAW-3441_c20230105_part1of1.tar,b00bc936-9ef5-4c34-a718-83de51e9304e
CRMP_SFM_StRS_2019_SE1902_MHI_HAW_HAW-3445_c20230105_part1of1.tar,17c7adc2-f2e3-4548-b4ac-8cb1a80c7d06
CRMP_SFM_StRS_2019_SE1902_MHI_HAW_HAW-3451_c20230105_part1of1.tar,04b168dc-3347-4d30-b6f4-eaa8c346a46f
CRMP_SFM_StRS_2019_SE1902_MHI_HAW_HAW-3465_c20230105_part1of2.tar,3dd7a0e4-7c5a-43e2-9f85-c798135e97f3
CRMP_SFM_StRS_2019_SE1902_MHI_HAW_HAW-3465_c20230105_part2of2.tar,ae5aeca5-edb2-459c-9539-021e3e640491
CRMP_SFM_StRS_2019_SE1902_MHI_HAW_HAW-3725_c20230105_part1of1.tar,2db1f239-15c2-4235-a9ef-d28b1cbf9ce6
CRMP_SFM_StRS_2019_SE1902_MHI_HAW_HAW-3732_c20230105_part1of1.tar,e9b506b0-0f61-4405-8792-27cf1efedfe7
CRMP_SFM_StRS_2019_SE1902_MHI_HAW_HAW-3735_c20230105_part1of1.tar,6949abde-85ed-457c-964b-b2af5f4941b5
CRMP_SFM_StRS_2019_SE1902_MHI_HAW_HAW-3745_c20230105_part1of1.tar,47a3a6f1-35ba-478e-8e12-825f9aa35842
CRMP_SFM_StRS_2019_SE1902_MHI_HAW_HAW-3751_c20230105_part1of1.tar,00f605fa-13db-4d43-8bc4-e62d18adc0c2
CRMP_SFM_StRS_2019_SE1902_MHI_HAW_HAW-3753_c20230105_part1of2.tar,81b41d66-0e76-4475-b11c-922605b75f25
CRMP_SFM_StRS_2019_SE1902_MHI_HAW_HAW-3753_c20230105_part2of2.tar,304a267f-02ce-4141-8c29-23abc6ef780d
CRMP_SFM_StRS_2019_SE1902_MHI_HAW_HAW-3757_c20230105_part1of1.tar,7ba99e22-bcb5-4110-a727-667b92cdf28d
CRMP_SFM_StRS_2019_SE1902_MHI_HAW_HAW-3774_c20230105_part1of1.tar,3f18548c-35ae-4e6e-84ee-e550bad3d83a
CRMP_SFM_StRS_2019_SE1902_MHI_HAW_HAW-3796_c20230105_part1of2.tar,7591a3d8-46cb-47aa-9914-45bba9669d90
CRMP_SFM_StRS_2019_SE1902_MHI_HAW_HAW-3796_c20230105_part2of2.tar,12e056b2-f7a7-4b26-a428-8a6e1d48ccec
CRMP_SFM_StRS_2019_SE1902_MHI_KAH_KAH-420_c20230105_part1of1.tar,298c968a-6e22-49b0-b983-9b70fccf8dd1
CRMP_SFM_StRS_2019_SE1902_MHI_KAH_KAH-424_c20230105_part1of1.tar,3d9b739d-5b4b-4997-838a-b267e4870c01
CRMP_SFM_StRS_2019_SE1902_MHI_KAH_KAH-425_c20230105_part1of1.tar,980a5cd1-a0b0-4551-b0bd-6b73ee557c18
CRMP_SFM_StRS_2019_SE1902_MHI_KAH_KAH-450_c20230105_part1of1.tar,9465827e-1f7b-4d41-836e-52f271feeb4b
CRMP_SFM_StRS_2019_SE1902_MHI_KAH_KAH-467_c20230105_part1of1.tar,f5d7d1c8-4a66-47e5-a383-1fab80b96a2e
CRMP_SFM_StRS_2019_SE1902_MHI_KAH_KAH-474_c20230105_part1of1.tar,5dca9a76-053b-4824-8110-64b5877e7729
CRMP_SFM_StRS_2019_SE1902_MHI_KAH_KAH-479_c20230105_part1of1.tar,ef4b2c2c-65a8-463f-91c2-31dffd2e043c
CRMP_SFM_StRS_2019_SE1902_MHI_KAH_KAH-484_c20230105_part1of1.tar,2f66ffad-0cd0-4226-b022-7a7fd7a8ac6c
CRMP_SFM_StRS_2019_SE1902_MHI_KAH_KAH-495_c20230105_part1of1.tar,ef9366a2-1c17-4811-9999-9d1f67712372
CRMP_SFM_StRS_2019_SE1902_MHI_KAH_KAH-498_c20230105_part1of1.tar,b57cfa52-5a13-40d9-a519-653ab11fa8a5
CRMP_SFM_StRS_2019_SE1902_MHI_KAH_KAH-518_c20230105_part1of1.tar,6f60525b-5416-4504-859c-18d5291692a4
CRMP_SFM_StRS_2019_SE1902_MHI_KAH_KAH-608_c20230105_part1of1.tar,309a9517-0a44-4e07-9a0e-cbfd9d5f2531
CRMP_SFM_StRS_2019_SE1902_MHI_KAH_KAH-619_c20230105_part1of1.tar,e79595c8-46ec-4ef6-a23e-d8c1938c7ec0
CRMP_SFM_StRS_2019_SE1902_MHI_KAH_KAH-627_c20230105_part1of1.tar,da4229c1-103f-44f0-8b18-fc3fd35bcb1d
CRMP_SFM_StRS_2019_SE1902_MHI_KAH_KAH-632_c20230105_part1of1.tar,5fbd53aa-2259-494e-932a-71b1931226d6
CRMP_SFM_StRS_2019_SE1902_MHI_KAH_KAH-635_c20230105_part1of1.tar,adbb12f5-1d3d-49a4-8b64-144986a0bbf7
CRMP_SFM_StRS_2019_SE1902_MHI_KAH_KAH-646_c20230105_part1of1.tar,98a362b0-d1ec-47fc-b73b-7512a108d57c
CRMP_SFM_StRS_2019_SE1902_MHI_KAH_KAH-659_c20230105_part1of1.tar,4b752438-20de-46fa-90ee-936edc617a8a
CRMP_SFM_StRS_2019_SE1902_MHI_KAH_KAH-662_c20230105_part1of1.tar,2708f363-b930-42fe-a6c7-beae75a38f56
CRMP_SFM_StRS_2019_SE1902_MHI_KAH_KAH-663_c20230105_part1of1.tar,2f24e6e3-4cfd-4f98-b219-c3f33bee6ca7
CRMP_SFM_StRS_2019_SE1902_MHI_KAH_KAH-672_c20230105_part1of1.tar,ebb59be5-0ab1-474d-89a0-a3fa06cf8ad4
CRMP_SFM_StRS_2019_SE1902_MHI_KAU_KAU-1876_c20230105_part1of1.tar,d229f5e6-b52a-4f12-aba5-ac7e2786aedf
CRMP_SFM_StRS_2019_SE1902_MHI_KAU_KAU-1880_c20230105_part1of1.tar,e009fdc6-8fe6-48ea-88fd-3c5d7098a196
CRMP_SFM_StRS_2019_SE1902_MHI_KAU_KAU-1890_c20230105_part1of1.tar,7dac06c7-7eba-4b0a-8e09-2d8c3e623b7d
CRMP_SFM_StRS_2019_SE1902_MHI_KAU_KAU-1909_c20230105_part1of1.tar,2cd2acac-89b2-478b-98e4-0cd07dee1f02
CRMP_SFM_StRS_2019_SE1902_MHI_KAU_KAU-1956_c20230105_part1of1.tar,ffc568e2-c3e6-4804-8677-4bc078e89449
CRMP_SFM_StRS_2019_SE1902_MHI_KAU_KAU-2100_c20230105_part1of1.tar,bab13a52-87ad-4ab5-89e8-0377701035fa
CRMP_SFM_StRS_2019_SE1902_MHI_KAU_KAU-2105_c20230105_part1of1.tar,e5d86ea3-0bee-4d0b-9f3f-de99768c44b5
CRMP_SFM_StRS_2019_SE1902_MHI_KAU_KAU-2101_c20230105_part1of1.tar,f722828c-8b2b-477c-9802-2719252e4b73
CRMP_SFM_StRS_2019_SE1902_MHI_KAU_KAU-2113_c20230105_part1of1.tar,e212816d-0b8a-43a5-85e0-97c507660f10
CRMP_SFM_StRS_2019_SE1902_MHI_KAU_KAU-2115_c20230105_part1of1.tar,627aed3e-dc1c-4d31-a365-80a600d82b19
CRMP_SFM_StRS_2019_SE1902_MHI_KAU_KAU-2118_c20230105_part1of2.tar,b7370fc8-b05a-4699-ad3f-e89427958c36
CRMP_SFM_StRS_2019_SE1902_MHI_KAU_KAU-2118_c20230105_part2of2.tar,29b46aee-2a2d-46e4-8156-1768f4576a69
CRMP_SFM_StRS_2019_SE1902_MHI_KAU_KAU-2119_c20230105_part1of1.tar,275295c3-9f70-4305-bfd1-f3733e515376
CRMP_SFM_StRS_2019_SE1902_MHI_KAU_KAU-2127_c20230105_part1of1.tar,564d401f-7ecb-484f-a9bd-909f637e56bf
CRMP_SFM_StRS_2019_SE1902_MHI_KAU_KAU-2128_c20230105_part1of1.tar,12436b39-591b-4a1d-b140-0764938d7913
CRMP_SFM_StRS_2019_SE1902_MHI_KAU_KAU-2133_c20230105_part1of2.tar,5c888e49-0534-46dd-bfdb-bdcca98e74ea
CRMP_SFM_StRS_2019_SE1902_MHI_KAU_KAU-2133_c20230105_part2of2.tar,396748ad-4ba8-4dd6-8b2f-c0b8d640e301
CRMP_SFM_StRS_2019_SE1902_MHI_KAU_KAU-2145_c20230105_part1of1.tar,965dbb93-2e09-42ff-be34-1214638a1a9b
CRMP_SFM_StRS_2019_SE1902_MHI_KAU_KAU-2146_c20230105_part1of2.tar,7fb03a68-d9bf-41a8-9f74-9b62551e4170
CRMP_SFM_StRS_2019_SE1902_MHI_KAU_KAU-2146_c20230105_part2of2.tar,54c84d74-8f94-4a47-aaf5-7609579413ed
CRMP_SFM_StRS_2019_SE1902_MHI_KAU_KAU-2160_c20230105_part1of2.tar,8195aa92-8f54-4ba0-b320-e1897db0ff72
CRMP_SFM_StRS_2019_SE1902_MHI_KAU_KAU-2160_c20230105_part2of2.tar,8f07c6a7-a7fa-41fe-8611-c21246606109
CRMP_SFM_StRS_2019_SE1902_MHI_KAU_KAU-2164_c20230105_part1of1.tar,377091a2-02cd-4295-a01a-d17e74ac1e68
CRMP_SFM_StRS_2019_SE1902_MHI_KAU_KAU-2166_c20230105_part1of2.tar,d187aa7f-6022-49ec-bf3f-cde4234d5936
CRMP_SFM_StRS_2019_SE1902_MHI_KAU_KAU-2166_c20230105_part2of2.tar,b9078248-e344-47cb-b5a4-f2398afb6d24
CRMP_SFM_StRS_2019_SE1902_MHI_LAN_LAN-1736_c20230105_part1of1.tar,83f60942-fb48-4206-b6fa-6e0deea94d00
CRMP_SFM_StRS_2019_SE1902_MHI_LAN_LAN-1740_c20230105_part1of1.tar,6a6176fb-f994-447c-8ce9-16e2a7c2829a
CRMP_SFM_StRS_2019_SE1902_MHI_LAN_LAN-1744_c20230105_part1of1.tar,bafaef1e-9d96-4d8a-8caa-9a8977b898ac
CRMP_SFM_StRS_2019_SE1902_MHI_LAN_LAN-1767_c20230105_part1of1.tar,aafd83de-7c1b-4d09-b2f8-de8330b45b13
CRMP_SFM_StRS_2019_SE1902_MHI_LAN_LAN-1768_c20230105_part1of1.tar,f2d8ad96-c82c-4788-99de-e6682b0852af
CRMP_SFM_StRS_2019_SE1902_MHI_LAN_LAN-1777_c20230105_part1of1.tar,1d46641d-6d1d-41b5-ab6d-52581d73d8e5
CRMP_SFM_StRS_2019_SE1902_MHI_LAN_LAN-1778_c20230105_part1of1.tar,ab360dec-4950-468c-ad9d-9e7b74e0950a
CRMP_SFM_StRS_2019_SE1902_MHI_LAN_LAN-1783_c20230105_part1of1.tar,fdf34752-9e67-41e3-9386-891e58bf6a9b
CRMP_SFM_StRS_2019_SE1902_MHI_LAN_LAN-1785_c20230105_part1of1.tar,279df9ab-c3d9-4877-b354-403268243b8d
CRMP_SFM_StRS_2019_SE1902_MHI_LAN_LAN-1789_c20230105_part1of1.tar,e9bbe513-23e0-4286-8f62-ed0d3ca38392
CRMP_SFM_StRS_2019_SE1902_MHI_LAN_LAN-1795_c20230105_part1of1.tar,3e522e63-5c9c-4dfb-b3f2-a2f5425f8d88
CRMP_SFM_StRS_2019_SE1902_MHI_LAN_LAN-1809_c20230105_part1of1.tar,2b192b9c-c7b0-4a95-9f88-1ce6460aa536
CRMP_SFM_StRS_2019_SE1902_MHI_LAN_LAN-1810_c20230105_part1of1.tar,7c2a768a-323b-4fe0-a895-0dbb659d1af0
CRMP_SFM_StRS_2019_SE1902_MHI_LAN_LAN-1811_c20230105_part1of1.tar,eb246bc3-b144-450e-b585-109661d90873
CRMP_SFM_StRS_2019_SE1902_MHI_LAN_LAN-1813_c20230105_part1of1.tar,6064e45f-9e78-4d2b-9d08-5e202b351dcf
CRMP_SFM_StRS_2019_SE1902_MHI_LAN_LAN-1815_c20230105_part1of1.tar,86f4e3b3-4781-4aa2-beb4-db3fdfa795ce
CRMP_SFM_StRS_2019_SE1902_MHI_LAN_LAN-1817_c20230105_part1of1.tar,43d86fc3-3a34-45c6-af81-bfdea1e9f9fe
CRMP_SFM_StRS_2019_SE1902_MHI_LAN_LAN-1818_c20230105_part1of1.tar,feb717f6-028c-4885-9539-f8104a9e296d
CRMP_SFM_StRS_2019_SE1902_MHI_LAN_LAN-1819_c20230105_part1of1.tar,1022c869-9444-444e-825b-5509528965e2
CRMP_SFM_StRS_2019_SE1902_MHI_LAN_LAN-1823_c20230105_part1of1.tar,cf2e742c-5090-472b-a752-6ef86f879dbc
CRMP_SFM_StRS_2019_SE1902_MHI_LAN_LAN-1829_c20230105_part1of1.tar,0fa89421-eac1-401a-af09-05751c1ad3e9
CRMP_SFM_StRS_2019_SE1902_MHI_LAN_LAN-2008_c20230105_part1of1.tar,82050af8-b300-4111-a5b5-7fcffe6b59e0
CRMP_SFM_StRS_2019_SE1902_MHI_LAN_LAN-2034_c20230105_part1of1.tar,2385f2fe-6702-4bfb-9ea8-cc3731439d35
CRMP_SFM_StRS_2019_SE1902_MHI_LAN_LAN-2036_c20230105_part1of1.tar,f9560e09-b19d-4ce0-a008-46fe76d31c16
CRMP_SFM_StRS_2019_SE1902_MHI_LAN_LAN-2060_c20230105_part1of1.tar,504dcae9-73c7-43cd-b485-39c60a1daf63
CRMP_SFM_StRS_2019_SE1902_MHI_LAN_LAN-2062_c20230105_part1of1.tar,0609ca4b-602a-47fd-b069-610d163a4ec1
CRMP_SFM_StRS_2019_SE1902_MHI_LAN_LAN-2065_c20230105_part1of1.tar,b09e826c-b51e-4949-bce6-8b566598eefd
CRMP_SFM_StRS_2019_SE1902_MHI_LAN_LAN-2068_c20230105_part1of1.tar,618410c3-c689-409e-a487-42bd42c1a319
CRMP_SFM_StRS_2019_SE1902_MHI_MAI_MAI-2332_c20230105_part1of1.tar,a0423f7c-9e4a-430e-ab5e-1cbd7e08a9c5
CRMP_SFM_StRS_2019_SE1902_MHI_MAI_MAI-2337_c20230105_part1of1.tar,4e7229ad-9bf9-4e55-924e-8dae8d892367
CRMP_SFM_StRS_2019_SE1902_MHI_MAI_MAI-2341_c20230105_part1of1.tar,b71f5602-bc18-4673-890c-99440a7c5af8
CRMP_SFM_StRS_2019_SE1902_MHI_MAI_MAI-2344_c20230105_part1of1.tar,cc9d6422-4907-41b2-8f1e-50c821cce481
CRMP_SFM_StRS_2019_SE1902_MHI_MAI_MAI-2349_c20230105_part1of1.tar,6df5e213-8f3c-4c60-a515-456eca23de72
CRMP_SFM_StRS_2019_SE1902_MHI_MAI_MAI-2350_c20230105_part1of1.tar,b144fe05-e558-493f-93a1-3159c0a978bb
CRMP_SFM_StRS_2019_SE1902_MHI_MAI_MAI-2352_c20230105_part1of1.tar,c6b697c0-22a9-4547-afba-d9a7cef61a2c
CRMP_SFM_StRS_2019_SE1902_MHI_MAI_MAI-2354_c20230105_part1of1.tar,0d54871b-6d51-4e44-b24a-2b320969575b
CRMP_SFM_StRS_2019_SE1902_MHI_MAI_MAI-2362_c20230105_part1of1.tar,489f34a4-dffb-4429-b0fc-655d4b8d1497
CRMP_SFM_StRS_2019_SE1902_MHI_MAI_MAI-2363_c20230105_part1of1.tar,a147b1bf-23be-46a3-8a64-c3d16505b57d
CRMP_SFM_StRS_2019_SE1902_MHI_MAI_MAI-2374_c20230105_part1of1.tar,b70eedc7-6ceb-4c6c-b743-88ef55d83b0a
CRMP_SFM_StRS_2019_SE1902_MHI_MAI_MAI-2381_c20230105_part1of1.tar,5912b168-f0db-47b9-8ddc-1ffa0b127f8a
CRMP_SFM_StRS_2019_SE1902_MHI_MAI_MAI-2384_c20230105_part1of1.tar,7e641c9c-68d1-49ef-8f9d-23909d8e302b
CRMP_SFM_StRS_2019_SE1902_MHI_MAI_MAI-2385_c20230105_part1of1.tar,63f2ad4e-3873-491c-9cbe-0cfb9e3f73e7
CRMP_SFM_StRS_2019_SE1902_MHI_MAI_MAI-2387_c20230105_part1of1.tar,584c8d6b-4062-4922-bc96-ec0f90530608
CRMP_SFM_StRS_2019_SE1902_MHI_MAI_MAI-2392_c20230105_part1of1.tar,4955459b-b8b2-4021-9bf8-7868ae73fc97
CRMP_SFM_StRS_2019_SE1902_MHI_MAI_MAI-2394_c20230105_part1of1.tar,fb2c26a1-da99-438c-a904-74de435c125a
CRMP_SFM_StRS_2019_SE1902_MHI_MAI_MAI-2396_c20230105_part1of1.tar,59228f5c-2928-401b-907a-5f2c95689fcd
CRMP_SFM_StRS_2019_SE1902_MHI_MAI_MAI-2437_c20230105_part1of1.tar,8bd24ebf-30d9-41a2-bfaf-755fba28f06a
CRMP_SFM_StRS_2019_SE1902_MHI_MAI_MAI-2439_c20230105_part1of1.tar,df97b8c6-46d9-4a86-866a-943e6a14644c
CRMP_SFM_StRS_2019_SE1902_MHI_MAI_MAI-2444_c20230105_part1of1.tar,1aa64b4a-f789-4689-af0f-4193809d05ac
CRMP_SFM_StRS_2019_SE1902_MHI_MAI_MAI-2459_c20230105_part1of1.tar,bbc4744d-a9d4-474a-8200-6646b3b553ea
CRMP_SFM_StRS_2019_SE1902_MHI_MAI_MAI-2461_c20230105_part1of1.tar,2a0d9242-3165-4caf-add9-e85686d9ea6a
CRMP_SFM_StRS_2019_SE1902_MHI_MAI_MAI-2466_c20230105_part1of1.tar,208fc5ba-9c4f-426a-9526-b4ec13520c4c
CRMP_SFM_StRS_2019_SE1902_MHI_MAI_MAI-2481_c20230105_part1of2.tar,76e24b71-2369-49ea-9675-501e37d8fa87
CRMP_SFM_StRS_2019_SE1902_MHI_MAI_MAI-2481_c20230105_part2of2.tar,7378a5d8-dfb5-47e4-8acf-5ab333137ef9
CRMP_SFM_StRS_2019_SE1902_MHI_MAI_MAI-2483_c20230106_part1of2.tar,06126d10-e0ef-407d-932d-b696d403a765
CRMP_SFM_StRS_2019_SE1902_MHI_MAI_MAI-2483_c20230106_part2of2.tar,2d34bfa4-5c44-40c4-967d-3fdf204b6a35
CRMP_SFM_StRS_2019_SE1902_MHI_MAI_MAI-2489_c20230106_part1of1.tar,d5d64cfa-a11a-4638-b065-92c64aa1ab0e
CRMP_SFM_StRS_2019_SE1902_MHI_MAI_MAI-2502_c20230106_part1of1.tar,26ecc9a1-cd09-426e-bb31-9e0ee9065551
CRMP_SFM_StRS_2019_SE1902_MHI_MAI_MAI-2505_c20230106_part1of1.tar,6510cadd-9acd-4dd4-b802-d495994b1ea9
CRMP_SFM_StRS_2019_SE1902_MHI_MAI_MAI-2515_c20230106_part1of1.tar,75055425-c782-4d9c-a8a5-068a776d2785
CRMP_SFM_StRS_2019_SE1902_MHI_MAI_MAI-2520_c20230106_part1of1.tar,54d3e787-7310-44b5-947f-860663ea9730
CRMP_SFM_StRS_2019_SE1902_MHI_MAI_MAI-2527_c20230106_part1of2.tar,725dce03-759c-4e5a-804d-b8ad790cbc6a
CRMP_SFM_StRS_2019_SE1902_MHI_MAI_MAI-2527_c20230106_part2of2.tar,cfa21f63-4fc6-458c-b74f-fbdcee0fd061
CRMP_SFM_StRS_2019_SE1902_MHI_MAI_MAI-2529_c20230106_part1of1.tar,c2b1c181-85f5-4ada-8236-d1ee83bc3e92
CRMP_SFM_StRS_2019_SE1902_MHI_MAI_MAI-2530_c20230106_part1of1.tar,16c3ce8b-5db2-47a2-9244-fe5ef67e8afc
CRMP_SFM_StRS_2019_SE1902_MHI_MAI_MAI-2532_c20230106_part1of2.tar,f9f6ee90-6181-4443-908d-a1b490dd120b
CRMP_SFM_StRS_2019_SE1902_MHI_MAI_MAI-2532_c20230106_part2of2.tar,ce0b8b00-038a-44c5-b03b-11d3ccf43275
CRMP_SFM_StRS_2019_SE1902_MHI_MAI_MAI-2534_c20230106_part1of2.tar,7e1c40b8-7d63-4b59-8b1b-86f90e5ad880
CRMP_SFM_StRS_2019_SE1902_MHI_MAI_MAI-2534_c20230106_part2of2.tar,3a66ae4e-8a9f-4693-829e-e82c915de66f
CRMP_SFM_StRS_2019_SE1902_MHI_MAI_MAI-2537_c20230106_part1of2.tar,20a595aa-8fec-4c4a-af0f-fdc0f505bcda
CRMP_SFM_StRS_2019_SE1902_MHI_MAI_MAI-2537_c20230106_part2of2.tar,11e0489c-556b-4462-b121-c53d70ac72f4
CRMP_SFM_StRS_2019_SE1902_MHI_MAI_MAI-2541_c20230106_part1of2.tar,2d113909-5c5e-4d0e-8bb2-f2908a2c6e34
CRMP_SFM_StRS_2019_SE1902_MHI_MAI_MAI-2541_c20230106_part2of2.tar,87bd6b7a-fb1e-455e-bf41-f2bea0e414fa
CRMP_SFM_StRS_2019_SE1902_MHI_MAI_MAI-2543_c20230106_part1of2.tar,b32448c8-dd5c-4eed-bf30-c138fab3c8ba
CRMP_SFM_StRS_2019_SE1902_MHI_MAI_MAI-2543_c20230106_part2of2.tar,be79780d-3cd2-495b-b10b-e3b2cef4e8a8
CRMP_SFM_StRS_2019_SE1902_MHI_MAI_MAI-2544_c20230106_part1of1.tar,624afcd5-8bff-4bb5-8bd8-ff89915a9779
CRMP_SFM_StRS_2019_SE1902_MHI_MAI_MAI-2546_c20230106_part1of1.tar,e6805674-b670-4250-ac8e-c84a80175a6e
CRMP_SFM_StRS_2019_SE1902_MHI_MAI_MAI-2567_c20230106_part1of1.tar,d7d6ef4c-1926-456b-907f-b69c1da41eec
CRMP_SFM_StRS_2019_SE1902_MHI_MAI_MAI-2586_c20230106_part1of1.tar,358101da-e122-4b40-8eff-970488e56f76
CRMP_SFM_StRS_2019_SE1902_MHI_MAI_MAI-2664_c20230106_part1of1.tar,4b495875-ee43-45f3-a80a-6e4d1c301587
CRMP_SFM_StRS_2019_SE1902_MHI_MAI_MAI-2666_c20230106_part1of1.tar,066b6f0d-e5bb-4aa6-9e23-4fd840918c64
CRMP_SFM_StRS_2019_SE1902_MHI_MAI_MAI-2685_c20230106_part1of1.tar,0192e7e9-2bd4-43c0-a8d3-11708496be63
CRMP_SFM_StRS_2019_SE1902_MHI_MOL_MOL-2149_c20230106_part1of1.tar,bc8501bb-7caa-49b5-9f35-3b12bf47b5f7
CRMP_SFM_StRS_2019_SE1902_MHI_MOL_MOL-2173_c20230106_part1of1.tar,f3fb92c4-d1ca-4965-9b94-f3699a2cfbc2
CRMP_SFM_StRS_2019_SE1902_MHI_MOL_MOL-2175_c20230106_part1of1.tar,0aef57f3-6775-47bd-94ef-ae4602c51918
CRMP_SFM_StRS_2019_SE1902_MHI_MOL_MOL-2183_c20230106_part1of1.tar,57116b8b-8e2b-423f-b875-5eb5c35c9fce
CRMP_SFM_StRS_2019_SE1902_MHI_MOL_MOL-2194_c20230106_part1of1.tar,9ebac51b-3819-4b66-b6ba-ca6eb30a4ee3
CRMP_SFM_StRS_2019_SE1902_MHI_MOL_MOL-2197_c20230106_part1of1.tar,d291ce3f-49ce-4e43-a9db-db46ae72774c
CRMP_SFM_StRS_2019_SE1902_MHI_MOL_MOL-2201_c20230106_part1of1.tar,7247e429-7783-47cb-9ce9-85a300b7acc2
CRMP_SFM_StRS_2019_SE1902_MHI_MOL_MOL-2209_c20230106_part1of1.tar,e378619f-a601-4436-a4c9-bd189427d345
CRMP_SFM_StRS_2019_SE1902_MHI_MOL_MOL-2212_c20230106_part1of1.tar,7b9570fc-0ec7-4a94-bc2d-fa081fc28581
CRMP_SFM_StRS_2019_SE1902_MHI_MOL_MOL-2214_c20230106_part1of1.tar,e516cad1-c202-4fd9-8998-b3ce18dd1a9f
CRMP_SFM_StRS_2019_SE1902_MHI_MOL_MOL-2215_c20230106_part1of1.tar,08fdba82-df7e-4e0a-90a5-69bda5b7821d
CRMP_SFM_StRS_2019_SE1902_MHI_MOL_MOL-2221_c20230106_part1of1.tar,7e97e032-cc5a-408f-a19c-6a1e7bd7742e
CRMP_SFM_StRS_2019_SE1902_MHI_MOL_MOL-2227_c20230106_part1of1.tar,2f4f9b9f-57e6-41f5-87a1-41bce03e8bf6
CRMP_SFM_StRS_2019_SE1902_MHI_MOL_MOL-2233_c20230106_part1of1.tar,0a0bd7ea-a9c1-4c2d-920b-a97d00b1354a
CRMP_SFM_StRS_2019_SE1902_MHI_MOL_MOL-2239_c20230106_part1of1.tar,707784a6-5cb3-4709-9b55-15e155d76640
CRMP_SFM_StRS_2019_SE1902_MHI_MOL_MOL-2240_c20230106_part1of1.tar,81bcbb68-6f75-4799-b091-248c0350324d
CRMP_SFM_StRS_2019_SE1902_MHI_MOL_MOL-2241_c20230106_part1of1.tar,d37e8bff-62e2-4dbb-a175-b282cfcf96a1
CRMP_SFM_StRS_2019_SE1902_MHI_MOL_MOL-2242_c20230106_part1of1.tar,02a55f3b-7443-471a-aad8-df3b23846292
CRMP_SFM_StRS_2019_SE1902_MHI_MOL_MOL-2245_c20230106_part1of1.tar,514ace45-ebb7-4b62-8ba3-ea942c718249
CRMP_SFM_StRS_2019_SE1902_MHI_MOL_MOL-2250_c20230106_part1of1.tar,e010063f-8dbf-4e5d-b7c0-c5f181a796ae
CRMP_SFM_StRS_2019_SE1902_MHI_MOL_MOL-2251_c20230106_part1of1.tar,58db1199-0d5b-43da-af82-e88fd8e4cea9
CRMP_SFM_StRS_2019_SE1902_MHI_MOL_MOL-2253_c20230106_part1of1.tar,f472c32a-3fa9-426a-b5d0-053764a9ab75
CRMP_SFM_StRS_2019_SE1902_MHI_MOL_MOL-2254_c20230106_part1of1.tar,b4ef0f95-63f2-41c5-bee8-0a0f08557f8b
CRMP_SFM_StRS_2019_SE1902_MHI_MOL_MOL-2255_c20230106_part1of1.tar,b2d42f0f-e4cc-44df-b501-91ebff1524f6
CRMP_SFM_StRS_2019_SE1902_MHI_MOL_MOL-2260_c20230106_part1of1.tar,ff7e3d55-f226-430e-8d67-7d4fd449027b
CRMP_SFM_StRS_2019_SE1902_MHI_MOL_MOL-2263_c20230106_part1of1.tar,4a2f4d3c-b333-455e-8d56-e0639637fa35
CRMP_SFM_StRS_2019_SE1902_MHI_MOL_MOL-2265_c20230106_part1of1.tar,09818d83-57c4-4f9a-93c7-d61c2e13b022
CRMP_SFM_StRS_2019_SE1902_MHI_MOL_MOL-2275_c20230106_part1of1.tar,f7ae3e2f-1e27-4889-b24f-787a3f55afdb
CRMP_SFM_StRS_2019_SE1902_MHI_MOL_MOL-2280_c20230106_part2of2.tar,3ae4582a-8e4e-41bc-ab32-b1d7399c5913
CRMP_SFM_StRS_2019_SE1902_MHI_MOL_MOL-2266_c20230106_part1of1.tar,ab86655c-490f-4fd9-9753-c0d99a4fcded
CRMP_SFM_StRS_2019_SE1902_MHI_MOL_MOL-2276_c20230106_part1of1.tar,37606b63-ca45-4016-b168-0416394d7288
CRMP_SFM_StRS_2019_SE1902_MHI_MOL_MOL-2280_c20230106_part1of2.tar,f24935e8-d391-4ac9-9310-3963792e4bce
CRMP_SFM_StRS_2019_SE1902_MHI_MOL_MOL-2283_c20230106_part1of1.tar,b2ac8396-1d25-471b-a272-f6ce14097c18
CRMP_SFM_StRS_2019_SE1902_MHI_MOL_MOL-2286_c20230106_part1of1.tar,d522a2ec-b82f-4f65-8bc2-790a016abc53
CRMP_SFM_StRS_2019_SE1902_MHI_MOL_MOL-2291_c20230106_part1of1.tar,657f1eea-0b5c-4bdb-8ab7-40bb3df58b59
CRMP_SFM_StRS_2019_SE1902_MHI_MOL_MOL-2300_c20230106_part1of1.tar,a36a21e7-4c3c-4428-9ff3-479586fe3baa
CRMP_SFM_StRS_2019_SE1902_MHI_MOL_MOL-2306_c20230106_part1of1.tar,5d7f915f-eab9-4e8b-ba8a-72b9dae09c80
CRMP_SFM_StRS_2019_SE1902_MHI_MOL_MOL-2409_c20230106_part1of1.tar,9e618a6c-8fb7-4fcc-bc4f-59458d073734
CRMP_SFM_StRS_2019_SE1902_MHI_MOL_MOL-2471_c20230106_part1of1.tar,aa883d35-004e-4845-a5ad-5fc98ba021a9
CRMP_SFM_StRS_2019_SE1902_MHI_MOL_MOL-2476_c20230106_part1of1.tar,b0e5a1e1-636e-4328-a178-c55c360b5506
CRMP_SFM_StRS_2019_SE1902_MHI_MOL_MOL-2477_c20230106_part1of1.tar,d71b540e-633c-4ea6-8265-965dbedb9378
CRMP_SFM_StRS_2019_SE1902_MHI_MOL_MOL-2488_c20230106_part1of1.tar,01611844-d0c4-4b95-97f2-3eebeb3d2003
CRMP_SFM_StRS_2019_SE1902_MHI_MOL_MOL-2489_c20230106_part1of1.tar,2ee41cf8-1092-4543-8a36-b25e2aa4ad20
CRMP_SFM_StRS_2019_SE1902_MHI_MOL_MOL-2497_c20230106_part1of1.tar,0531d088-9517-4fba-9062-c30dca9b9aa7
CRMP_SFM_StRS_2019_SE1902_MHI_NII_NII-1897_c20230106_part1of1.tar,1d679459-9780-4043-921c-820f86d464f3
CRMP_SFM_StRS_2019_SE1902_MHI_NII_NII-1950_c20230106_part1of1.tar,d56d0c11-b5d6-4d8a-a9f3-00d8cbbd2f74
CRMP_SFM_StRS_2019_SE1902_MHI_NII_NII-1977_c20230106_part1of1.tar,e74c6861-df27-469f-8a38-e173e4fcbdac
CRMP_SFM_StRS_2019_SE1902_MHI_NII_NII-1987_c20230106_part1of1.tar,2aadfe90-648c-4a53-b8cd-86cf546f1152
CRMP_SFM_StRS_2019_SE1902_MHI_NII_NII-2504_c20230106_part1of1.tar,3278da76-838c-4eba-90e2-0408d475f5c7
CRMP_SFM_StRS_2019_SE1902_MHI_NII_NII-2547_c20230106_part1of2.tar,3b164a01-511b-4958-b89e-39b55e778109
CRMP_SFM_StRS_2019_SE1902_MHI_NII_NII-2547_c20230106_part2of2.tar,6e9c8201-0a2d-40de-aacc-2e5727023da5
CRMP_SFM_StRS_2019_SE1902_MHI_NII_NII-2552_c20230106_part1of2.tar,f74078c8-a8c4-4402-8e49-686e4ff6f114
CRMP_SFM_StRS_2019_SE1902_MHI_NII_NII-2552_c20230106_part2of2.tar,d1277bcf-7e0f-4feb-b3bf-02e5a08f106b
CRMP_SFM_StRS_2019_SE1902_MHI_NII_NII-2559_c20230106_part1of2.tar,a70cee19-2dff-4a86-b35c-d4c1ddec1b06
CRMP_SFM_StRS_2019_SE1902_MHI_NII_NII-2559_c20230106_part2of2.tar,8b460477-dc34-4392-8b6f-cb666748146c
CRMP_SFM_StRS_2019_SE1902_MHI_NII_NII-2572_c20230106_part1of1.tar,fd11f0a2-c03b-43e0-bc8c-a9fb892898af
CRMP_SFM_StRS_2019_SE1902_MHI_NII_NII-2580_c20230106_part1of2.tar,fd948a02-92cb-4f58-81eb-912f12e44b2c
CRMP_SFM_StRS_2019_SE1902_MHI_NII_NII-2580_c20230106_part2of2.tar,b984dfe1-103c-4d8a-a6e6-a2102961fb32
CRMP_SFM_StRS_2019_SE1902_MHI_NII_NII-2583_c20230106_part1of1.tar,2a112046-fa79-434a-af2a-6b3716130d81
CRMP_SFM_StRS_2019_SE1902_MHI_NII_NII-2584_c20230106_part1of2.tar,22f8d52b-652b-48a8-a44d-30a92f317547
CRMP_SFM_StRS_2019_SE1902_MHI_NII_NII-2584_c20230106_part2of2.tar,c0536acf-3efd-4f92-813c-ef43517637f9
CRMP_SFM_StRS_2019_SE1902_MHI_NII_NII-2594_c20230106_part1of2.tar,db184482-bf2e-41a6-ac01-2d46b5e50733
CRMP_SFM_StRS_2019_SE1902_MHI_NII_NII-2594_c20230106_part2of2.tar,aa3f5b41-9480-4ee7-bbdc-ae7276b3cf5e
CRMP_SFM_StRS_2019_SE1902_MHI_OAH_OAH-2921_c20230106_part1of1.tar,41cb3cd4-c3ff-4ddb-9dde-1fcc140c5ce1
CRMP_SFM_StRS_2019_SE1902_MHI_OAH_OAH-2955_c20230106_part1of1.tar,696b641c-c1e8-4241-a214-90d140b2a21a
CRMP_SFM_StRS_2019_SE1902_MHI_OAH_OAH-2965_c20230106_part1of1.tar,e29ef4a3-0d44-4feb-8d95-affc2729f743
CRMP_SFM_StRS_2019_SE1902_MHI_OAH_OAH-3000_c20230106_part1of1.tar,e69114f7-50f7-46d6-9bb6-d3738003b375
CRMP_SFM_StRS_2019_SE1902_MHI_OAH_OAH-3004_c20230106_part1of1.tar,9045d74f-4e8a-4ff6-bbf6-9f9ec07f1b83
CRMP_SFM_StRS_2019_SE1902_MHI_OAH_OAH-3006_c20230106_part1of1.tar,913b6750-f67e-4b3d-af3a-f482e1fd3b38
CRMP_SFM_StRS_2019_SE1902_MHI_OAH_OAH-3051_c20230106_part1of1.tar,e04ca899-2ddb-4081-91a7-0238f0aa03fb
CRMP_SFM_StRS_2019_SE1902_MHI_OAH_OAH-3052_c20230106_part1of2.tar,f9910680-7993-46db-a974-1191aa3785e5
CRMP_SFM_StRS_2019_SE1902_MHI_OAH_OAH-3052_c20230106_part2of2.tar,b976e114-23f4-40f7-bd07-9947fe68a45e
CRMP_SFM_StRS_2019_SE1902_MHI_OAH_OAH-3057_c20230106_part1of1.tar,5c6203b6-7708-4b5d-9eac-03d371cb14d1
CRMP_SFM_StRS_2019_SE1902_MHI_OAH_OAH-3065_c20230106_part1of2.tar,89d5b705-3498-44a7-bd04-6b3e85bbcdbb
CRMP_SFM_StRS_2019_SE1902_MHI_OAH_OAH-3065_c20230106_part2of2.tar,fc25ecc3-4e2c-4fd1-8b9d-b98da2ddea16
CRMP_SFM_StRS_2019_SE1902_MHI_OAH_OAH-3078_c20230106_part1of1.tar,b9fa390b-d04b-4e4a-b19e-a89cd8007335
CRMP_SFM_StRS_2019_SE1902_MHI_OAH_OAH-3084_c20230106_part1of1.tar,6b5999c7-232d-441b-9362-3f319bc899d5
CRMP_SFM_StRS_2019_SE1902_MHI_OAH_OAH-3087_c20230106_part1of1.tar,2454bfa4-82ae-428c-a6ce-8d14ea768adb
CRMP_SFM_StRS_2019_SE1902_MHI_OAH_OAH-3110_c20230106_part1of1.tar,f09d8c51-8ba4-4f89-9fde-02c0a2e4007b
CRMP_SFM_StRS_2019_SE1902_MHI_OAH_OAH-3112_c20230106_part1of1.tar,049c5ea4-3dbb-4313-9b06-fccd45121f0e
CRMP_SFM_StRS_2019_SE1902_MHI_OAH_OAH-3122_c20230106_part1of1.tar,34c4da2a-77b4-4d30-bc46-8258efec863e
CRMP_SFM_StRS_2019_SE1902_MHI_OAH_OAH-3232_c20230106_part1of1.tar,a5e7245f-82c9-47be-96bd-66f0fb4873e2
CRMP_SFM_StRS_2019_SE1902_MHI_OAH_OAH-3233_c20230106_part1of1.tar,b915d5d3-f1af-4064-8b71-19723592ebb8
CRMP_SFM_StRS_2019_SE1902_MHI_OAH_OAH-3234_c20230106_part1of2.tar,5d090ed2-05a5-4201-9765-3cb4321a8c90
CRMP_SFM_StRS_2019_SE1902_MHI_OAH_OAH-3234_c20230106_part2of2.tar,75fc39f8-60e9-42dd-9af6-8efce6be9fb2
CRMP_SFM_StRS_2019_SE1902_MHI_OAH_OAH-3235_c20230106_part1of1.tar,5f243ba8-d09d-4007-b5c6-bde1ed8891ad
CRMP_SFM_StRS_2019_SE1902_MHI_OAH_OAH-3242_c20230106_part1of1.tar,23eb6bd9-e983-4bd9-9891-cfa8a0f9f10a
CRMP_SFM_StRS_2019_SE1902_MHI_OAH_OAH-3243_c20230106_part1of1.tar,940944c9-2032-4cbb-8c74-2fb23c110090
CRMP_SFM_StRS_2019_SE1902_MHI_OAH_OAH-3259_c20230106_part1of1.tar,0e21cd11-5fc2-452d-99fa-5ebc65a2d55c
CRMP_SFM_StRS_2019_SE1902_MHI_OAH_OAH-3262_c20230106_part1of1.tar,1fe7f71e-8bc8-4823-b82c-ffd90e2dc10e
CRMP_SFM_StRS_2019_SE1902_MHI_OAH_OAH-3265_c20230106_part1of1.tar,2375bae2-0d7f-4cb9-b375-6fa6197ad453
CRMP_SFM_StRS_2019_SE1902_MHI_OAH_OAH-3267_c20230106_part1of1.tar,eacd56a6-bbb4-4eb3-a52d-3f89e7798674
CRMP_SFM_StRS_2019_SE1902_MHI_OAH_OAH-3272_c20230106_part1of1.tar,bd6111bd-ee7e-4821-9627-711f26ca1f31
CRMP_SFM_StRS_2019_SE1902_MHI_OAH_OAH-3279_c20230106_part1of2.tar,2bfe2b5c-4532-4315-b8c2-53cf16a27a3f
CRMP_SFM_StRS_2019_SE1902_MHI_OAH_OAH-3279_c20230106_part2of2.tar,2f956995-f957-4ea2-8fc0-6ea2d3dbc046
CRMP_SFM_StRS_2019_SE1902_MHI_OAH_OAH-3282_c20230106_part1of1.tar,f8325d4e-dd45-4b21-b6d5-3743bb3af31f
CRMP_SFM_StRS_2019_SE1902_MHI_OAH_OAH-3284_c20230106_part1of1.tar,fe569d1e-f6eb-40d4-81fc-48c261edaaed
CRMP_SFM_StRS_2019_SE1902_MHI_OAH_OAH-3286_c20230106_part1of1.tar,f532cdc1-1309-426c-aba4-b3aab34b185b
CRMP_SFM_StRS_2019_SE1902_MHI_OAH_OAH-3288_c20230106_part1of1.tar,26182fb6-6d4a-4506-90a3-c6011149e6a2
CRMP_SFM_StRS_2019_SE1902_MHI_OAH_OAH-3292_c20230106_part1of1.tar,49dc5c96-3dd7-4697-9665-1f2202103f71
CRMP_SFM_StRS_2019_SE1902_MHI_OAH_OAH-3296_c20230106_part1of1.tar,2573a79a-c153-41af-b0a3-d361bc4b3a9d
CRMP_SFM_StRS_2019_SE1902_MHI_OAH_OAH-3301_c20230106_part1of1.tar,abe0d785-a101-418c-a33d-963716eae53e
CRMP_SFM_StRS_2019_SE1902_MHI_OAH_OAH-3407_c20230106_part1of1.tar,d77cd91f-2cfc-4018-a095-bb529b2cc96c
CRMP_SFM_StRS_2019_SE1902_MHI_OAH_OAH-3413_c20230106_part1of1.tar,189bcc85-14db-47b3-a6cc-e75f95b4ca2c
CRMP_SFM_StRS_2019_SE1902_MHI_OAH_OAH-3432_c20230106_part1of1.tar,a510226b-3921-4a5c-9cbb-2ec168060c19
CRMP_SFM_StRS_2019_SE1902_MHI_OAH_OAH-3437_c20230106_part1of1.tar,4368494a-84d5-4dba-81f9-55bfd5e39740
CRMP_SFM_StRS_2019_SE1902_MHI_OAH_OAH-3444_c20230106_part1of1.tar,0d112b58-fdde-42ee-bdaa-3e0e213f6969
CRMP_SFM_StRS_2019_SE1902_MHI_OAH_OAH-3447_c20230106_part1of1.tar,b3dd9cd4-bd3e-4ca5-b2b7-4b99f584656f
CRMP_SFM_StRS_2019_SE1902_MHI_OAH_OAH-3464_c20230106_part1of1.tar,28e427b3-3a11-4ab3-978b-b6b5cd6673a2
CRMP_SFM_StRS_2019_SE1902_MHI_OAH_OAH-3473_c20230106_part1of1.tar,efea6510-f15a-4737-b47a-6750be9608a4
CRMP_SFM_StRS_2019_SE1902_MHI_OAH_OAH-3490_c20230106_part1of1.tar,e334e233-e255-43a1-8f75-548b49ec9c9d
CRMP_SFM_StRS_2019_SE1902_MHI_OAH_OAH-3499_c20230106_part1of1.tar,76da026c-4d80-4858-be8b-2cfa82e6caea
CRMP_SFM_StRS_2019_SE1902_MHI_OAH_OAH-3503_c20230106_part1of1.tar,d95346cb-9cb5-48e1-9b4f-2f26cf3e2c8e
CRMP_SFM_StRS_2019_SE1902_MHI_OAH_OAH-3526_c20230106_part1of1.tar,b56f9988-1361-4ab0-8b39-b2e5cec0624e
CRMP_SFM_StRS_2019_SE1902_MHI_OAH_OAH-3550_c20230106_part1of1.tar,6d2b41d8-a3d8-49b4-82fc-999e0c0846a9
CRMP_SFM_StRS_2019_SE1902_MHI_OAH_OAH-4000_c20230106_part1of1.tar,cf068695-05de-407c-81ae-e1a2706fa85d
CRMP_SFM_StRS_2019_SE1902_MHI_OAH_OAH-4001_c20230106_part1of1.tar,5d6cae93-98ea-4430-b944-a9f613d73748
CRMP_SFM_StRS_2019_SE1902_MHI_OAH_OAH-4002_c20230106_part1of2.tar,2c931ddf-d803-47de-b45b-57bac4ed36bc
CRMP_SFM_StRS_2019_SE1902_MHI_OAH_OAH-4002_c20230106_part2of2.tar,e13f02c2-e1b8-4727-a6a7-4d0baba3c809
CRMP_SFM_StRS_2019_SE1902_MHI_MAI_MAI-2686_c20230106_part1of1.tar,a6afb036-c1b7-462f-86b1-5e6aa2509454
CRMP_SFM_StRS_2019_SE1902_MHI_MAI_MAI-2706_c20230106_part1of1.tar,99510c32-fb68-4c8f-87f2-cb2689ee1bf2
CRMP_SFM_StRS_2019_SE1902_MHI_MAI_MAI-2709_c20230106_part1of1.tar,6a0a25d1-2605-44b9-b4f1-d6cfcf0fc396
CRMP_SFM_StRS_2019_SE1902_MHI_MOL_MOL-2153_c20230106_part1of1.tar,56398b3b-3a9c-448d-9acf-67c23c70c343
CRMP_SFM_StRS_2019_SE1902_MHI_MOL_MOL-2158_c20230106_part1of1.tar,e09d1317-9aaa-45c8-8d8c-76eda3f59c1c
NCRMP_SFM_FIXED_2019_SE1902_MHI_HAW_HAW-SIO-K08_c20230530_part1of1.tar,221427ed-e3a6-425a-b7ba-1efee784934b
NCRMP_SFM_FIXED_2019_SE1902_MHI_HAW_HAW-SIO-K09_c20230531_part1of2.tar,f97a67ab-821c-497a-8745-28a0f58146ed
NCRMP_SFM_FIXED_2019_SE1902_MHI_HAW_HAW-SIO-K09_c20230531_part2of2.tar,6ad6bc2a-0841-467c-8206-61a01121f99b
NCRMP_SFM_FIXED_2019_SE1902_MHI_HAW_HAW-SIO-K10_c20230530_part1of2.tar,340a7b21-d549-47e2-a249-b5de98d44c4f
NCRMP_SFM_FIXED_2019_SE1902_MHI_HAW_HAW-SIO-K10_c20230530_part2of2.tar,fd2b2487-f60b-4632-a53b-151ae45d462b
NCRMP_SFM_FIXED_2019_SE1902_MHI_KAH_KAH-SIO-S01_c20230530_part1of2.tar,2823b9d4-01b1-4605-83e8-7e1290bec9db
NCRMP_SFM_FIXED_2019_SE1902_MHI_KAH_KAH-SIO-S01_c20230530_part2of2.tar,129ef5f3-cdd2-45ef-9260-1bcf1bff4fc4
NCRMP_SFM_FIXED_2019_SE1902_MHI_KAH_KAH-SIO-S03_c20230530_part1of3.tar,f24851e2-4095-404d-96cf-125afefdbdcd
NCRMP_SFM_FIXED_2019_SE1902_MHI_KAH_KAH-SIO-S03_c20230530_part2of3.tar,d4f73cbb-1764-420b-a252-f7a72422ee54
NCRMP_SFM_FIXED_2019_SE1902_MHI_KAH_KAH-SIO-S03_c20230530_part3of3.tar,fa709828-169d-4001-ae2b-bf1260393e6c
NCRMP_SFM_FIXED_2019_SE1902_MHI_KAH_KAH-SIO-S04_c20230530_part1of2.tar,bd0d609e-0682-4cb8-ad08-0a34cde5d259
NCRMP_SFM_FIXED_2019_SE1902_MHI_KAH_KAH-SIO-S04_c20230530_part2of2.tar,bbdd55c4-eff2-4afd-accc-605ee1a2aefe
NCRMP_SFM_FIXED_2019_SE1902_MHI_KAH_KAH-SIO-S05_c20230530_part1of1.tar,3e143a34-b564-44da-a121-a3e17325fcdb
NCRMP_SFM_FIXED_2019_SE1902_MHI_KAH_KAH-SIO-S08_c20230530_part1of2.tar,a661a63d-dd00-4d50-9026-16ce50addca0
NCRMP_SFM_FIXED_2019_SE1902_MHI_KAH_KAH-SIO-S08_c20230530_part2of2.tar,657b702a-9cdc-408a-bc14-6ec8bb6b11de
NCRMP_SFM_FIXED_2019_SE1902_MHI_MAI_MAI-SIO-CG1_c20230530_part1of2.tar,e320616f-df68-4243-838e-6e7c03e5fa68
NCRMP_SFM_FIXED_2019_SE1902_MHI_MAI_MAI-SIO-CG1_c20230530_part2of2.tar,6ebf4123-c46a-4292-afe4-79991cf01105
NCRMP_SFM_FIXED_2019_SE1902_MHI_MAI_MAI-SIO-K16_c20230530_part1of2.tar,81571c43-4452-4f67-8142-522446be62d9
NCRMP_SFM_FIXED_2019_SE1902_MHI_MAI_MAI-SIO-K16_c20230530_part2of2.tar,a3246104-6223-4f48-a9de-47792db46dfe
NCRMP_SFM_FIXED_2019_SE1902_MHI_MAI_MAI-SIO-KEA_c20230530_part1of2.tar,0af98b46-c3a1-4951-8a3c-4d1a011f5cc0
NCRMP_SFM_FIXED_2019_SE1902_MHI_MAI_MAI-SIO-KEA_c20230530_part2of2.tar,946b0fcf-581f-4fdd-953e-1e55e4f28da0
NCRMP_SFM_FIXED_2019_SE1902_MHI_MAI_MAI-SIO-LAP_c20230530_part1of2.tar,c9103a14-b34c-454f-9bbf-00df5c3a8d6c
NCRMP_SFM_FIXED_2019_SE1902_MHI_MAI_MAI-SIO-LAP_c20230530_part2of2.tar,bd0b3bc8-4a86-43bb-9b3d-22e8f2579dc6
NCRMP_SFM_FIXED_2019_SE1902_MHI_MAI_MAI-SIO-MAA_c20230530_part1of2.tar,ea3f633e-a39f-4f13-b1c2-d39c79b731aa
NCRMP_SFM_FIXED_2019_SE1902_MHI_MAI_MAI-SIO-MAA_c20230530_part2of2.tar,8b773968-bb4f-496f-8754-421821b77583
NCRMP_SFM_FIXED_2019_SE1902_MHI_MAI_MAI-SIO-OC3_c20230530_part1of2.tar,f3e47e46-5415-438a-adb6-7e916c97944d
NCRMP_SFM_FIXED_2019_SE1902_MHI_MAI_MAI-SIO-OC3_c20230530_part2of2.tar,505d72cf-1696-45b6-a17f-a8919bc70055
NCRMP_SFM_FIXED_2019_SE1902_MHI_MAI_MAI-SIO-OL2_c20230530_part1of3.tar,86a2d1ee-46d7-4e4d-9775-8e23dca13e1f
NCRMP_SFM_FIXED_2019_SE1902_MHI_MAI_MAI-SIO-OL2_c20230530_part2of3.tar,89029102-8094-4b05-8624-7428bd112e8f
NCRMP_SFM_FIXED_2019_SE1902_MHI_MAI_MAI-SIO-OL2_c20230530_part3of3.tar,27e3a2de-8313-4638-9a3d-561dbcc7d37a
NCRMP_SFM_FIXED_2019_SE1902_MHI_MAI_MAI-SIO-OL4_c20230530_part1of2.tar,d08b8ab3-82b1-4916-b7ff-3a1006c4e76e
NCRMP_SFM_FIXED_2019_SE1902_MHI_MAI_MAI-SIO-OL4_c20230530_part2of2.tar,f5fd205b-f1af-4f0e-9751-86e0a45ad941
NCRMP_SFM_FIXED_2019_SE1902_MHI_MAI_MAI-SIO-OL6_c20230530_part1of2.tar,b203f883-98fb-4012-a528-4bbfc8acf534
NCRMP_SFM_FIXED_2019_SE1902_MHI_MAI_MAI-SIO-OL6_c20230530_part2of2.tar,27d60c20-648e-4665-813f-2dba14fbd8cd
NCRMP_SFM_StRS_2019_SE1902_MHI_MAI_MAI-2343_c20230105_part1of1.tar,4d7137ed-2019-44b7-8546-7e5206a55c11
NCRMP_SFM_StRS_2019_SE1902_MHI_MAI_MAI-2383_c20230105_part1of1.tar,cb430f7b-bf66-413c-8f49-fa9b747c00d4
NCRMP_SFM_FIXED_2019_SE1902_MHI_KAU_OCC-KAU-004_c20230530_part1of2.tar,020c077d-09c9-4dfc-a59c-601ec5394c4b
NCRMP_SFM_FIXED_2019_SE1902_MHI_KAU_OCC-KAU-004_c20230530_part2of2.tar,51875e1b-bff5-49a7-941e-0e399b15aca5
NCRMP_SFM_FIXED_2019_SE1902_MHI_LAN_LAN-SIO-005_c20230531_part1of2.tar,af53361a-b458-4394-be1f-c5daaa5e829e
NCRMP_SFM_FIXED_2019_SE1902_MHI_LAN_LAN-SIO-005_c20230531_part2of2.tar,e3a9ff45-4408-4ace-be52-6e6cd86c6258
NCRMP_SFM_FIXED_2019_SE1902_MHI_HAW_HAW-SIO-997_c20230531_part1of2.tar,fbc46c52-ecf2-42c3-b5f8-f08e21715a76
NCRMP_SFM_FIXED_2019_SE1902_MHI_HAW_OCC-HAW-014_c20230601_part2of2.tar,de6fdf3d-c5b5-4c8e-9298-9a2603146b26
NCRMP_SFM_FIXED_2019_SE1902_MHI_HAW_HAW-3441_c20230530_part3of3.tar,7e6bd9a9-2834-4986-ae9f-b16aa2d5c64d
NCRMP_SFM_FIXED_2019_SE1902_MHI_HAW_HAW-3441_c20230530_part1of3.tar,2fc79e7d-12c8-4be2-b4fe-f702d882835b
NCRMP_SFM_FIXED_2019_SE1902_MHI_HAW_HAW-3441_c20230530_part2of3.tar,9759655c-06f5-4c0b-b004-079b6ef30dec
NCRMP_SFM_FIXED_2019_SE1902_MHI_HAW_HAW-SIO-997_c20230531_part2of2.tar,743a5c80-e486-46a2-9615-6c016c2d7292
NCRMP_SFM_FIXED_2019_SE1902_MHI_HAW_OCC-HAW-002_c20230530_part1of3.tar,5eab6037-33b2-4d0d-a577-dcf18b0d4c7e
NCRMP_SFM_FIXED_2019_SE1902_MHI_HAW_OCC-HAW-002_c20230530_part2of3.tar,7fa11779-bde4-469c-ae62-0d8c5092ad47
NCRMP_SFM_FIXED_2019_SE1902_MHI_HAW_OCC-HAW-002_c20230530_part3of3.tar,92e74e04-104d-4fe7-90bc-65026e08e31c
NCRMP_SFM_FIXED_2019_SE1902_MHI_HAW_OCC-HAW-003_c20230531_part2of2.tar,8fd6d60a-23c8-42ba-a36f-d4c90602ce47
NCRMP_SFM_FIXED_2019_SE1902_MHI_HAW_OCC-HAW-004_c20230531_part2of2.tar,2ead5acc-0f7c-4fe3-837d-a46ef6a90765
NCRMP_SFM_FIXED_2019_SE1902_MHI_HAW_OCC-HAW-010_c20230531_part1of3.tar,91da2862-51ee-45d9-9787-cc674abe05d5
NCRMP_SFM_FIXED_2019_SE1902_MHI_HAW_OCC-HAW-010_c20230531_part3of3.tar,1123aef6-abe8-45c9-989d-306f400042a5
NCRMP_SFM_FIXED_2019_SE1902_MHI_HAW_OCC-HAW-012_c20230530_part2of2.tar,9a260a3d-a70e-4cda-bcf3-8455dbf8e816
NCRMP_SFM_FIXED_2019_SE1902_MHI_HAW_OCC-HAW-003_c20230531_part1of2.tar,298880c3-6e72-43f7-9714-2d78b0a4218f
NCRMP_SFM_FIXED_2019_SE1902_MHI_HAW_OCC-HAW-004_c20230531_part1of2.tar,1fe0ee12-25b4-482e-8678-cb4aca4567ff
NCRMP_SFM_FIXED_2019_SE1902_MHI_HAW_OCC-HAW-010_c20230531_part2of3.tar,8bcf3954-141e-4a0d-8131-7b8b12d68af3
NCRMP_SFM_FIXED_2019_SE1902_MHI_HAW_OCC-HAW-012_c20230530_part1of2.tar,37b96a12-aa68-467b-abcb-c559861d16da
NCRMP_SFM_FIXED_2019_SE1902_MHI_HAW_OCC-HAW-013_c20230530_part1of2.tar,6ca8f24f-2e2f-4ba9-afe7-f35ee4aaf3e6
NCRMP_SFM_FIXED_2019_SE1902_MHI_HAW_OCC-HAW-013_c20230530_part2of2.tar,3208957d-6c0b-4506-a095-b241ee371c42
NCRMP_SFM_FIXED_2019_SE1902_MHI_HAW_OCC-HAW-015_c20230531_part2of2.tar,62e0f82b-0cb4-4010-b2b4-469fae1b509b
NCRMP_SFM_FIXED_2019_SE1902_MHI_HAW_OCC-HAW-024_c20230531_part1of2.tar,4c8fe301-f8e6-458f-81d6-45a41e42a212
NCRMP_SFM_FIXED_2019_SE1902_MHI_HAW_OCC-HAW-024_c20230531_part2of2.tar,545ba723-b592-4ebb-9b26-d18236f63e5c
NCRMP_SFM_FIXED_2019_SE1902_MHI_LAN_LAN-SIO-002_c20230531_part1of2.tar,86972572-6149-4090-9320-58d69169d57e
NCRMP_SFM_FIXED_2019_SE1902_MHI_LAN_LAN-SIO-002_c20230531_part2of2.tar,1fff4029-ee25-4035-ad62-da6d2a60bd1e
NCRMP_SFM_FIXED_2019_SE1902_MHI_LAN_OCC-LAN-003_c20230530_part1of2.tar,990887a6-7e16-4c5d-9777-af88b78e4fdd
NCRMP_SFM_FIXED_2019_SE1902_MHI_LAN_OCC-LAN-003_c20230530_part2of2.tar,8ec44d38-0c17-4e2c-8a91-39be9687203d
NCRMP_SFM_FIXED_2019_SE1902_MHI_MAI_OCC-MAI-002_c20230530_part1of2.tar,864070c8-d3bd-4200-8eb4-e5ca216f1677
NCRMP_SFM_FIXED_2019_SE1902_MHI_MAI_OCC-MAI-002_c20230530_part2of2.tar,6053a728-e83f-48f9-8670-634db9096926
NCRMP_SFM_FIXED_2019_SE1902_MHI_HAW_OCC-HAW-014_c20230601_part1of2.tar,e130c27c-e728-424d-baf1-4d91a7ccbed1
NCRMP_SFM_FIXED_2019_SE1902_MHI_HAW_OCC-HAW-015_c20230531_part1of2.tar,55749c72-be18-4cc3-8e24-6d80bd96929d
NCRMP_SFM_FIXED_2019_SE1902_MHI_KAU_OCC-KAU-007_c20230601_part1of2.tar,dab26c45-84a8-4e3d-8132-d0225f5dd924
NCRMP_SFM_FIXED_2019_SE1902_MHI_KAU_OCC-KAU-007_c20230601_part2of2.tar,608a0b23-02d9-4ba1-9237-0abaee456371
NCRMP_SFM_FIXED_2019_SE1902_MHI_LAN_OCC-LAN-001_c20230601_part1of1.tar,509622c9-9341-4ec3-b263-286f4721676a
NCRMP_SFM_FIXED_2019_SE1902_MHI_LAN_OCC-LAN-002_c20230601_part1of2.tar,b7cfea7f-a7fb-47c1-8baa-bf1c9733780c
NCRMP_SFM_FIXED_2019_SE1902_MHI_LAN_OCC-LAN-002_c20230601_part2of2.tar,40884060-11aa-49e7-88a7-e549fe1e37d3
NCRMP_SFM_FIXED_2019_SE1902_MHI_MAI_OCC-MAI-005_c20230530_part1of2.tar,d5437f21-89b0-4312-bef7-1f6889e2a719
NCRMP_SFM_FIXED_2019_SE1902_MHI_MAI_OCC-MAI-005_c20230530_part2of2.tar,e831faec-25d6-411d-b187-02a7d2628959
NCRMP_SFM_FIXED_2019_SE1902_MHI_MOL_MOL-SIO-908_c20230530_part1of2.tar,9ba5c253-4947-4980-b0e7-7d8a5a5378c7
NCRMP_SFM_FIXED_2019_SE1902_MHI_MOL_MOL-SIO-908_c20230530_part2of2.tar,04958389-e802-4c91-9ad1-2e325ad1863a
NCRMP_SFM_FIXED_2019_SE1902_MHI_OAH_OCC-OAH-012_c20230601_part1of2.tar,1fec334b-9cb3-459f-9d1d-c826c84d754d
NCRMP_SFM_FIXED_2019_SE1902_MHI_OAH_OCC-OAH-012_c20230601_part2of2.tar,0f0c8dec-89b1-46b0-b0ee-eaa4cd5cfd6f
NCRMP_SFM_StRS_2019_SE1902_MHI_HAW_HAW-3401_c20230314_part1of1.tar,5e3c84af-d3b2-48ea-bd21-182147f37490
NCRMP_SFM_StRS_2019_SE1902_MHI_HAW_HAW-3717_c20230314_part1of1.tar,7c9483b4-8920-4e7c-b3ef-ac6cff9d2ae1
NCRMP_SFM_StRS_2019_SE1902_MHI_HAW_HAW-3718_c20230314_part1of1.tar,19e75476-f917-4f3d-b59d-914259e78ce9
NCRMP_SFM_StRS_2019_SE1902_MHI_HAW_HAW-3727_c20230314_part1of1.tar,d2793289-ca04-44c0-9639-2c5c678a201b
NCRMP_SFM_StRS_2019_SE1902_MHI_HAW_HAW-3798_c20230314_part1of1.tar,52de48a5-8462-4421-aea9-a1fa2a114829
NCRMP_SFM_StRS_2019_SE1902_MHI_HAW_HAW-3804_c20230314_part1of1.tar,5e080cd7-b5d2-4823-8087-0b2572d74005
NCRMP_SFM_StRS_2019_SE1902_MHI_HAW_HAW-3814_c20230314_part1of1.tar,84832bc0-477a-47ee-b841-d30af7e1bce2
NCRMP_SFM_StRS_2019_SE1902_MHI_HAW_HAW-3759_c20230314_part1of1.tar,0fff09c4-b25c-4370-97c3-df76a2d454af
NCRMP_SFM_StRS_2019_SE1902_MHI_HAW_HAW-3817_c20230314_part1of1.tar,6b4d54ec-1509-4618-ad6a-3957d2a02962
NCRMP_SFM_StRS_2019_SE1902_MHI_HAW_HAW-3820_c20230314_part1of1.tar,376f6eea-fbec-4ddc-8167-659de013f90e
NCRMP_SFM_StRS_2019_SE1902_MHI_HAW_HAW-3835_c20230314_part1of1.tar,6d48948d-432b-4236-9a20-b5e15858f73c
NCRMP_SFM_StRS_2019_SE1902_MHI_HAW_HAW-3843_c20230314_part1of1.tar,89b23871-4c51-433d-8e8c-48d75e3b1e4d
NCRMP_SFM_StRS_2019_SE1902_MHI_HAW_HAW-3854_c20230314_part1of1.tar,19a6d8b6-89a8-41eb-9ddb-70b03ed5e387
NCRMP_SFM_StRS_2019_SE1902_MHI_HAW_HAW-4203_c20230314_part1of1.tar,4d258ffe-035e-400a-97eb-3dcd726c98b4
NCRMP_SFM_StRS_2019_SE1902_MHI_HAW_HAW-4208_c20230314_part1of2.tar,3741fcb9-2725-4368-9915-72a5e84a58a3
NCRMP_SFM_StRS_2019_SE1902_MHI_HAW_HAW-4208_c20230314_part2of2.tar,23a18d06-3f44-4696-96a5-ca70b9718aaf
NCRMP_SFM_StRS_2019_SE1902_MHI_HAW_HAW-4219_c20230314_part1of1.tar,1c571079-be4e-4525-92eb-58dc474f55cc
NCRMP_SFM_StRS_2019_SE1902_MHI_HAW_HAW-4220_c20230314_part1of1.tar,4bf40eea-7088-4806-a2cf-c7f5519a1b6f
NCRMP_SFM_StRS_2019_SE1902_MHI_HAW_HAW-4221_c20230314_part1of1.tar,e8812512-56f5-446a-b2e7-9f65baf3c5f7
NCRMP_SFM_StRS_2019_SE1902_MHI_HAW_HAW-4224_c20230314_part1of1.tar,8b17aa7e-f16d-45a0-9848-4fc15eba3944
NCRMP_SFM_StRS_2019_SE1902_MHI_HAW_HAW-4227_c20230314_part1of2.tar,7a7a0b5c-17a9-4a18-a86a-bdad7a495a0d
NCRMP_SFM_StRS_2019_SE1902_MHI_HAW_HAW-4227_c20230314_part2of2.tar,5e93dd2c-a879-4c68-9d36-e1bd6f4f2932
NCRMP_SFM_StRS_2019_SE1902_MHI_HAW_HAW-4231_c20230314_part1of1.tar,03978af2-d86d-4a85-8640-1bdd14779cfa
NCRMP_SFM_StRS_2019_SE1902_MHI_HAW_HAW-4232_c20230314_part1of1.tar,5a38076b-14c0-4b60-912a-2c80c29eaadc
NCRMP_SFM_StRS_2019_SE1902_MHI_HAW_HAW-4234_c20230314_part1of1.tar,4ce412c0-81dc-423b-8767-2719b103de11
NCRMP_SFM_StRS_2019_SE1902_MHI_HAW_HAW-4237_c20230314_part1of1.tar,46c70557-e129-4685-a2a9-cedf3b3bdfea
NCRMP_SFM_StRS_2019_SE1902_MHI_HAW_HAW-4239_c20230314_part1of1.tar,88a36a5d-9477-461e-af51-37684342c46f
NCRMP_SFM_StRS_2019_SE1902_MHI_HAW_HAW-4240_c20230314_part1of1.tar,b2dd5205-66f9-48c0-839c-579107419129
NCRMP_SFM_StRS_2019_SE1902_MHI_HAW_HAW-4241_c20230314_part1of1.tar,45977366-2660-4057-9b33-a14f975f5c0a
NCRMP_SFM_StRS_2019_SE1902_MHI_HAW_HAW-4243_c20230314_part1of2.tar,9a1a6fc7-9683-4047-b1a0-53064b060f12
NCRMP_SFM_StRS_2019_SE1902_MHI_HAW_HAW-4243_c20230314_part2of2.tar,1d5d4061-aa6a-472b-a8e0-fbf7efb589b1
NCRMP_SFM_StRS_2019_SE1902_MHI_HAW_HAW-4245_c20230314_part1of1.tar,d1fb603c-6f86-4958-9473-ec4d627ab614
NCRMP_SFM_StRS_2019_SE1902_MHI_HAW_HAW-4247_c20230314_part1of1.tar,69a96def-3b38-44bb-b0b6-7f312d2088f9
NCRMP_SFM_StRS_2019_SE1902_MHI_HAW_HAW-4249_c20230314_part1of1.tar,6494b341-2fb0-41ae-9d9e-387b855c805b
NCRMP_SFM_StRS_2019_SE1902_MHI_HAW_HAW-4252_c20230314_part1of1.tar,e66d2d4d-2ed1-4532-ab8a-97ee5123b005
NCRMP_SFM_StRS_2019_SE1902_MHI_HAW_HAW-4253_c20230314_part1of1.tar,8281e89b-297e-4ac8-89ba-9ee456ab9942
NCRMP_SFM_StRS_2019_SE1902_MHI_HAW_HAW-4254_c20230314_part1of1.tar,76185b37-b030-4a3b-bdb4-adf2f6ac574e
NCRMP_SFM_StRS_2019_SE1902_MHI_HAW_HAW-4257_c20230314_part1of1.tar,7a0daaf2-9c72-4ce7-be49-01b7f43c2820
NCRMP_SFM_StRS_2019_SE1902_MHI_HAW_HAW-4259_c20230314_part1of1.tar,18d4fe20-026c-4789-84ac-95f904862c5a
NCRMP_SFM_StRS_2019_SE1902_MHI_HAW_HAW-4260_c20230314_part1of1.tar,46fef8ea-e6da-49f3-a07c-a5baccad078c
NCRMP_SFM_StRS_2019_SE1902_MHI_HAW_HAW-4263_c20230314_part1of1.tar,f9e80e59-f453-4eff-884a-9b7cf1a1c87a
NCRMP_SFM_StRS_2019_SE1902_MHI_HAW_HAW-4264_c20230314_part1of1.tar,9c1ef3de-bfe0-4e7c-8eb0-9ca8c5337671
NCRMP_SFM_StRS_2019_SE1902_MHI_HAW_HAW-4267_c20230314_part1of1.tar,1f4ed419-2304-4779-b85c-3dc6fc0e27ee
NCRMP_SFM_StRS_2019_SE1902_MHI_HAW_HAW-4268_c20230314_part1of1.tar,c9911d5b-8377-4e8f-8efd-1f2036366a51
NCRMP_SFM_StRS_2019_SE1902_MHI_HAW_HAW-4272_c20230314_part1of1.tar,971ceb39-2b2e-4723-996d-34d035ee2e58
NCRMP_SFM_StRS_2019_SE1902_MHI_HAW_HAW-4277_c20230314_part1of2.tar,bb7bcfa8-f6c2-41d0-9d6b-b816c15dd2fb
NCRMP_SFM_StRS_2019_SE1902_MHI_HAW_HAW-4277_c20230314_part2of2.tar,ca369e71-6f1e-4a79-80d4-5961f29646c3
NCRMP_SFM_StRS_2019_SE1902_MHI_HAW_HAW-4278_c20230314_part1of1.tar,93cd5598-0c2a-46d1-9c15-9d9a85c91855
NCRMP_SFM_StRS_2019_SE1902_MHI_HAW_HAW-4280_c20230314_part1of2.tar,8df16961-451d-4c45-b2fa-1ae46a2cdf60
NCRMP_SFM_StRS_2019_SE1902_MHI_HAW_HAW-4280_c20230314_part2of2.tar,04f10f20-1071-4a9a-a29d-45605b89a2c9
NCRMP_SFM_StRS_2019_SE1902_MHI_HAW_HAW-4283_c20230314_part1of1.tar,75712477-035e-4ddc-94ff-fa01b99b755c
NCRMP_SFM_StRS_2019_SE1902_MHI_HAW_HAW-4285_c20230314_part1of1.tar,5b1e4e85-4aff-4984-b4bc-6b9d91240b8e
NCRMP_SFM_StRS_2019_SE1902_MHI_HAW_HAW-4287_c20230314_part1of2.tar,b29aaa80-8125-4ed6-a7ef-6824da79f38f
NCRMP_SFM_StRS_2019_SE1902_MHI_HAW_HAW-4287_c20230314_part2of2.tar,ca98a0aa-78b1-4cf8-9977-5e16a778342d
NCRMP_SFM_StRS_2019_SE1902_MHI_HAW_HAW-4292_c20230314_part1of1.tar,addd4dd3-70e1-45fa-a602-4f21bf84bd4e
NCRMP_SFM_StRS_2019_SE1902_MHI_HAW_HAW-4294_c20230314_part1of1.tar,6b177246-331b-44ea-b6e6-ac7984400819
NCRMP_SFM_StRS_2019_SE1902_MHI_HAW_HAW-4296_c20230314_part1of1.tar,9c96f102-c3ae-4cd9-8186-7b3cf432dbcd
NCRMP_SFM_StRS_2019_SE1902_MHI_HAW_HAW-4299_c20230314_part1of1.tar,f1a75e5f-667e-4374-9071-2dfeaab58bdc
NCRMP_SFM_StRS_2019_SE1902_MHI_HAW_HAW-4300_c20230314_part1of1.tar,05620674-dec2-4f7b-9e92-8318f361d266
NCRMP_SFM_StRS_2019_SE1902_MHI_HAW_HAW-4304_c20230314_part1of1.tar,00bdcb4a-38b2-4dd3-8597-3d8e8d2c6b1e
NCRMP_SFM_FIXED_2019_SE1902_MHI_MOL_OCC-MOL-003_c20230530_part1of2.tar,8db1be02-90c2-490f-bd0f-1ba8f2105da4
NCRMP_SFM_FIXED_2019_SE1902_MHI_MOL_OCC-MOL-003_c20230530_part2of2.tar,dedff8f6-8967-4962-b27e-0a488b54d562
NCRMP_SFM_FIXED_2019_SE1902_MHI_MOL_OCC-MOL-005_c20230530_part1of2.tar,3361f9d2-b6a7-4798-885d-cd4bee072dc5
NCRMP_SFM_FIXED_2019_SE1902_MHI_MOL_OCC-MOL-005_c20230530_part2of2.tar,229dafe4-7af0-4cd8-bb5e-72506e3b1edf
NCRMP_SFM_FIXED_2019_SE1902_MHI_MOL_OCC-MOL-006_c20230530_part1of2.tar,fae3617c-1e32-4c11-a399-eb119ee4f41f
NCRMP_SFM_FIXED_2019_SE1902_MHI_MOL_OCC-MOL-006_c20230530_part2of2.tar,8ebbd6a2-209e-4fb0-966b-719acc2da731
NCRMP_SFM_FIXED_2019_SE1902_MHI_MOL_OCC-MOL-008_c20230530_part1of2.tar,7a017d4f-7f64-40d9-9200-c9c1c99c2fdc
NCRMP_SFM_FIXED_2019_SE1902_MHI_MOL_OCC-MOL-008_c20230530_part2of2.tar,2324de8a-875a-4b42-bdc0-0ff9aa673bf0
NCRMP_SFM_FIXED_2019_SE1902_MHI_MOL_OCC-MOL-010_c20230530_part1of2.tar,ab70baa7-410b-4184-9cca-f39fe64ce33b
NCRMP_SFM_FIXED_2019_SE1902_MHI_MOL_OCC-MOL-010_c20230530_part2of2.tar,9d4adaea-0996-4961-b168-a4e1c0eaa1fa
NCRMP_SFM_FIXED_2019_SE1902_MHI_NII_OCC-NII-001_c20230530_part1of2.tar,519c6b42-cd8a-43d3-8113-3a2c4d004c7f
NCRMP_SFM_FIXED_2019_SE1902_MHI_NII_OCC-NII-001_c20230530_part2of2.tar,7a057453-d0e7-4bd0-be19-4962bde98825
NCRMP_SFM_FIXED_2019_SE1902_MHI_NII_OCC-NII-003_c20230530_part1of2.tar,8925b02d-9a38-42b3-9103-c684d199fdab
NCRMP_SFM_FIXED_2019_SE1902_MHI_NII_OCC-NII-003_c20230530_part2of2.tar,7a3e9a80-fed9-4f59-9f79-0934b06980a3
NCRMP_SFM_FIXED_2019_SE1902_MHI_OAH_OCC-OAH-005_c20230530_part1of2.tar,411b6a46-10cc-46d1-b571-a9afa307677a
NCRMP_SFM_FIXED_2019_SE1902_MHI_OAH_OCC-OAH-005_c20230530_part2of2.tar,9bde7639-aef5-4ea6-a0bd-4b7e67af2b3f
NCRMP_SFM_FIXED_2019_SE1902_MHI_OAH_OCC-OAH-008_c20230530_part1of2.tar,683cc2f8-b5b1-44c7-876f-a057783b6bad
NCRMP_SFM_FIXED_2019_SE1902_MHI_OAH_OCC-OAH-008_c20230530_part2of2.tar,59d56100-0f3b-4e01-9dae-a57c32183c94
NCRMP_SFM_FIXED_2019_SE1902_MHI_OAH_OCC-OAH-010_c20230530_part2of2.tar,9e229c5f-b68d-4c06-b188-5c45978c3a05
NCRMP_SFM_StRS_2019_SE1902_MHI_LAN_LAN-1788_c20230314_part1of1.tar,8c4348ce-24ea-482c-a3e6-388f7440c245
NCRMP_SFM_StRS_2019_SE1902_MHI_LAN_LAN-1814_c20230314_part1of1.tar,d7fa0a03-3ce1-4df3-bfef-c7c0d6527a95
NCRMP_SFM_StRS_2019_SE1902_MHI_LAN_LAN-1816_c20230314_part1of1.tar,8d8713f0-7bd6-4de9-8530-26a9a4ecb08e
NCRMP_SFM_StRS_2019_SE1902_MHI_LAN_LAN-2021_c20230314_part1of1.tar,31f3c431-77e4-4ccd-8e21-dd2cfa10da59
NCRMP_SFM_StRS_2019_SE1902_MHI_LAN_LAN-2023_c20230314_part1of1.tar,1768f322-0a88-41df-b132-e1eca99e3c03
NCRMP_SFM_StRS_2019_SE1902_MHI_LAN_LAN-2053_c20230314_part1of1.tar,efb65ba4-9f89-4b3f-9082-e8badf2bb748
NCRMP_SFM_StRS_2019_SE1902_MHI_LAN_LAN-2066_c20230314_part1of1.tar,937826b0-61f8-49ed-aba3-2a0ac977caf2
NCRMP_SFM_StRS_2019_SE1902_MHI_metadata_c20230608.csv,46ee861a-df28-4dbf-b0b3-ed8bcbc34c78
NCRMP_SFM_FIXED_2019_SE1902_MHI_OAH_OCC-OAH-010_c20230530_part1of2.tar,0130f306-50a3-4451-8571-b679493c1423
NCRMP_SFM_StRS_2019_SE1902_MHI_HAW_HAW-3350_c20230105_part1of1.tar,add88f20-7393-444b-960d-35ba45540d02
NCRMP_SFM_StRS_2019_SE1902_MHI_HAW_HAW-3356_c20230105_part1of1.tar,77b57cdd-2d62-4a1d-aef6-3cee43999d49
NCRMP_SFM_StRS_2019_SE1902_MHI_HAW_HAW-3341_c20230105_part1of1.tar,60a6f9d1-9562-4bf8-a9b3-24b35b9b1c54
NCRMP_SFM_StRS_2019_SE1902_MHI_HAW_HAW-3357_c20230105_part1of1.tar,06e87076-f630-4717-b8a9-8bfc6f67d1f1
NCRMP_SFM_StRS_2019_SE1902_MHI_HAW_HAW-3359_c20230105_part1of1.tar,0b4ba772-24dc-4565-8d48-fc2e231797c1
NCRMP_SFM_StRS_2019_SE1902_MHI_HAW_HAW-3362_c20230105_part1of1.tar,a014ac83-e2cf-4be9-9c5e-994cd981e689
NCRMP_SFM_StRS_2019_SE1902_MHI_HAW_HAW-3366_c20230105_part1of1.tar,6f753a43-a5c1-4ced-bccf-427dee4814a7
NCRMP_SFM_StRS_2019_SE1902_MHI_HAW_HAW-3367_c20230105_part1of1.tar,6a22e034-e39b-455e-8d1c-045b28f40752
NCRMP_SFM_StRS_2019_SE1902_MHI_HAW_HAW-3368_c20230105_part1of1.tar,da194a0f-7fe2-4553-9717-97beafdc08b9
NCRMP_SFM_StRS_2019_SE1902_MHI_HAW_HAW-3399_c20230105_part1of1.tar,580b5058-9f43-4c6b-a497-c76f21fff318
NCRMP_SFM_StRS_2019_SE1902_MHI_HAW_HAW-3413_c20230105_part1of1.tar,83920819-ce43-4e0e-9f87-adf3f3628f8f
NCRMP_SFM_StRS_2019_SE1902_MHI_HAW_HAW-3433_c20230105_part1of1.tar,fadbc2b4-616b-43bb-8b3c-3006ff4ff4af
NCRMP_SFM_StRS_2019_SE1902_MHI_HAW_HAW-3434_c20230105_part1of1.tar,3191e243-e86e-4fbe-af0a-62b251474298
NCRMP_SFM_StRS_2019_SE1902_MHI_HAW_HAW-3436_c20230105_part1of1.tar,36230f9d-5b89-4a91-ba38-48640c3f51a4
NCRMP_SFM_StRS_2019_SE1902_MHI_HAW_HAW-3441_c20230105_part1of1.tar,8a7d17f1-e516-4133-a179-34a794115b58
NCRMP_SFM_StRS_2019_SE1902_MHI_HAW_HAW-3445_c20230105_part1of1.tar,d87fd4cb-ff62-45d8-a655-8b840d6eaa9c
NCRMP_SFM_StRS_2019_SE1902_MHI_HAW_HAW-3451_c20230105_part1of1.tar,ba3e9c8e-06ea-4474-8550-6ecdd0793c45
NCRMP_SFM_StRS_2019_SE1902_MHI_HAW_HAW-3465_c20230105_part1of2.tar,9b2aafb1-3645-4c16-a561-6262a69c822f
NCRMP_SFM_StRS_2019_SE1902_MHI_HAW_HAW-3465_c20230105_part2of2.tar,1a091790-2852-4b67-aaad-f04d7e3c664e
NCRMP_SFM_StRS_2019_SE1902_MHI_HAW_HAW-3725_c20230105_part1of1.tar,1ea66d96-1d26-4490-8bcd-5f96c18a53fa
NCRMP_SFM_StRS_2019_SE1902_MHI_HAW_HAW-3732_c20230105_part1of1.tar,39bdb3a3-152e-4d0c-ac1c-e9eb2a12b702
NCRMP_SFM_StRS_2019_SE1902_MHI_HAW_HAW-3735_c20230105_part1of1.tar,6c318b36-17cb-4d58-b0fc-a498dcb0857e
NCRMP_SFM_StRS_2019_SE1902_MHI_HAW_HAW-3745_c20230105_part1of1.tar,bbf1aa07-3266-41a1-8da7-30a8f710e830
NCRMP_SFM_StRS_2019_SE1902_MHI_HAW_HAW-3751_c20230105_part1of1.tar,fb9b49d1-970b-4520-b5f9-a15b413d260d
NCRMP_SFM_StRS_2019_SE1902_MHI_HAW_HAW-3753_c20230105_part1of2.tar,13404929-35bc-4ffb-8873-52e1b385121c
NCRMP_SFM_StRS_2019_SE1902_MHI_HAW_HAW-3753_c20230105_part2of2.tar,5fe48912-c2f0-4d9f-b6b5-24693147d214
NCRMP_SFM_StRS_2019_SE1902_MHI_HAW_HAW-3757_c20230105_part1of1.tar,5c53d6bc-8b08-484e-b5eb-ee26a3745949
NCRMP_SFM_StRS_2019_SE1902_MHI_HAW_HAW-3774_c20230105_part1of1.tar,e47d29e8-8dbb-4a0c-8951-d1495027fe7a
NCRMP_SFM_StRS_2019_SE1902_MHI_HAW_HAW-3796_c20230105_part1of2.tar,7bca9663-8202-404d-a478-8013f2a59505
NCRMP_SFM_StRS_2019_SE1902_MHI_HAW_HAW-3796_c20230105_part2of2.tar,530a5f7f-ba1d-457c-8cf3-57196b6a3452
NCRMP_SFM_StRS_2019_SE1902_MHI_KAH_KAH-420_c20230105_part1of1.tar,e0256df5-7394-4445-a8cc-84e61400e751
NCRMP_SFM_StRS_2019_SE1902_MHI_KAH_KAH-424_c20230105_part1of1.tar,4c9079a7-cd09-4ec7-9326-74f9c8243f34
NCRMP_SFM_StRS_2019_SE1902_MHI_KAH_KAH-425_c20230105_part1of1.tar,f2aeef37-8e6d-414c-99a2-25bfc7325307
NCRMP_SFM_StRS_2019_SE1902_MHI_KAH_KAH-450_c20230105_part1of1.tar,5c428b24-95ab-45ae-b077-6a18c74aeef4
NCRMP_SFM_StRS_2019_SE1902_MHI_KAH_KAH-467_c20230105_part1of1.tar,62259e60-ce74-410b-90ca-5337d0adfc36
NCRMP_SFM_StRS_2019_SE1902_MHI_KAH_KAH-474_c20230105_part1of1.tar,155fbbf8-588c-498c-9646-90189b5fab69
NCRMP_SFM_StRS_2019_SE1902_MHI_KAH_KAH-479_c20230105_part1of1.tar,c8ab792a-3c6e-4003-b6ed-6224f6609047
NCRMP_SFM_StRS_2019_SE1902_MHI_KAH_KAH-484_c20230105_part1of1.tar,081af987-0a76-4ec9-8bff-65309c2249b7
NCRMP_SFM_StRS_2019_SE1902_MHI_KAH_KAH-495_c20230105_part1of1.tar,5dd8b588-652b-49ea-b62e-5ed65a501c0a
NCRMP_SFM_StRS_2019_SE1902_MHI_KAH_KAH-498_c20230105_part1of1.tar,f6faefab-978a-47fd-a8e6-d37c33af9b0b
NCRMP_SFM_StRS_2019_SE1902_MHI_KAH_KAH-518_c20230105_part1of1.tar,c7782dff-fa5b-43e5-9091-3044d31cae8a
NCRMP_SFM_StRS_2019_SE1902_MHI_KAH_KAH-608_c20230105_part1of1.tar,fb575f64-519f-47ae-be8f-a10b1c789a8f
NCRMP_SFM_StRS_2019_SE1902_MHI_KAH_KAH-619_c20230105_part1of1.tar,ab9e89b8-03e8-4452-8bf1-11fa9103a630
NCRMP_SFM_StRS_2019_SE1902_MHI_KAH_KAH-627_c20230105_part1of1.tar,cdf13210-030a-4178-a5e2-692bd5da82f2
NCRMP_SFM_StRS_2019_SE1902_MHI_KAH_KAH-632_c20230105_part1of1.tar,685573e8-022a-423f-bdb2-3967662139b9
NCRMP_SFM_StRS_2019_SE1902_MHI_KAH_KAH-635_c20230105_part1of1.tar,722e406b-4af0-4d31-a00e-e0671bfd7185
NCRMP_SFM_StRS_2019_SE1902_MHI_KAH_KAH-646_c20230105_part1of1.tar,2d132b93-2a7a-43d7-9dfe-4363c0ebba1d
NCRMP_SFM_StRS_2019_SE1902_MHI_KAH_KAH-659_c20230105_part1of1.tar,84802fca-9ff9-48cf-bb20-9d2700adcbf8
NCRMP_SFM_StRS_2019_SE1902_MHI_KAH_KAH-662_c20230105_part1of1.tar,97a226fb-9c89-4dd2-b3c1-84ae95100597
NCRMP_SFM_StRS_2019_SE1902_MHI_KAH_KAH-663_c20230105_part1of1.tar,0746dba8-82d7-44df-9bbe-060f668e3fe2
NCRMP_SFM_StRS_2019_SE1902_MHI_KAH_KAH-672_c20230105_part1of1.tar,5cd8de81-0f3e-4095-8325-66d008743a42
NCRMP_SFM_StRS_2019_SE1902_MHI_KAU_KAU-1876_c20230105_part1of1.tar,92602d96-ad3a-4828-a3be-db32131f1968
NCRMP_SFM_StRS_2019_SE1902_MHI_KAU_KAU-1880_c20230105_part1of1.tar,a08ae4f8-4ada-4eba-bf86-7d9333ab4160
NCRMP_SFM_StRS_2019_SE1902_MHI_KAU_KAU-1890_c20230105_part1of1.tar,e23ff895-2f44-4004-b9c3-b5c47e22ac22
NCRMP_SFM_StRS_2019_SE1902_MHI_KAU_KAU-1909_c20230105_part1of1.tar,90ba6897-653e-4498-8e3f-e85655ade870
NCRMP_SFM_StRS_2019_SE1902_MHI_KAU_KAU-1956_c20230105_part1of1.tar,192624a9-c8b3-48db-9dfe-327e9515b3f3
NCRMP_SFM_StRS_2019_SE1902_MHI_KAU_KAU-2100_c20230105_part1of1.tar,2a1f57b9-75d9-4b81-8436-27563ad96d04
NCRMP_SFM_StRS_2019_SE1902_MHI_KAU_KAU-2105_c20230105_part1of1.tar,9eee71ca-284d-4db0-8b1b-bdcb0abdcef8
NCRMP_SFM_StRS_2019_SE1902_MHI_KAU_KAU-2101_c20230105_part1of1.tar,2880d20e-4fcc-4077-8d41-af66a98c5d59
NCRMP_SFM_StRS_2019_SE1902_MHI_KAU_KAU-2113_c20230105_part1of1.tar,9345b20e-3a3c-4058-b3bd-c9d7d07a1a66
NCRMP_SFM_StRS_2019_SE1902_MHI_KAU_KAU-2115_c20230105_part1of1.tar,30242352-8101-4020-a744-1ad614d96873
NCRMP_SFM_StRS_2019_SE1902_MHI_KAU_KAU-2118_c20230105_part1of2.tar,869e8fa3-f3f3-47e3-b514-3ba5407c9eed
NCRMP_SFM_StRS_2019_SE1902_MHI_KAU_KAU-2118_c20230105_part2of2.tar,e71293f9-5ff9-4873-851a-cc03bc25350d
NCRMP_SFM_StRS_2019_SE1902_MHI_KAU_KAU-2119_c20230105_part1of1.tar,a8616206-666a-4538-8d49-8ed81c3ce272
NCRMP_SFM_StRS_2019_SE1902_MHI_KAU_KAU-2127_c20230105_part1of1.tar,4e49c96a-ecdc-4ff6-ad5f-15f8933f6092
NCRMP_SFM_StRS_2019_SE1902_MHI_KAU_KAU-2128_c20230105_part1of1.tar,1d71dbf8-8227-4f86-8c66-2e7f654f4b23
NCRMP_SFM_StRS_2019_SE1902_MHI_KAU_KAU-2133_c20230105_part1of2.tar,51f173dd-5022-4aed-830c-7f69e18858b3
NCRMP_SFM_StRS_2019_SE1902_MHI_KAU_KAU-2133_c20230105_part2of2.tar,f0505ec2-8dde-4691-a413-0567b524b849
NCRMP_SFM_StRS_2019_SE1902_MHI_KAU_KAU-2145_c20230105_part1of1.tar,b4a2ec6f-1dc5-4fc2-a9bb-cf62db020d02
NCRMP_SFM_StRS_2019_SE1902_MHI_KAU_KAU-2146_c20230105_part1of2.tar,21ad7a38-cce6-4d32-a0a9-8498a7c5f33b
NCRMP_SFM_StRS_2019_SE1902_MHI_KAU_KAU-2146_c20230105_part2of2.tar,0561d952-ba09-4b4f-8966-efce5d96d091
NCRMP_SFM_StRS_2019_SE1902_MHI_KAU_KAU-2160_c20230105_part1of2.tar,ef2cfe6b-7e30-4016-bff2-b60210bd0760
NCRMP_SFM_StRS_2019_SE1902_MHI_KAU_KAU-2160_c20230105_part2of2.tar,f592a5e3-7c09-44eb-958e-6de984d34527
NCRMP_SFM_StRS_2019_SE1902_MHI_KAU_KAU-2164_c20230105_part1of1.tar,960570bb-156e-4931-a99d-83705298102d
NCRMP_SFM_StRS_2019_SE1902_MHI_KAU_KAU-2166_c20230105_part1of2.tar,684b17c0-19fc-4dc2-a1ce-78838ac5b035
NCRMP_SFM_StRS_2019_SE1902_MHI_KAU_KAU-2166_c20230105_part2of2.tar,fe20b938-5014-427e-b131-36542a08ac62
NCRMP_SFM_StRS_2019_SE1902_MHI_LAN_LAN-1736_c20230105_part1of1.tar,88f1a143-fc1b-4d85-ba88-5bf6b28cdabf
NCRMP_SFM_StRS_2019_SE1902_MHI_LAN_LAN-1740_c20230105_part1of1.tar,5b43e49d-e577-4e21-8e7f-d827613acc41
NCRMP_SFM_StRS_2019_SE1902_MHI_LAN_LAN-1744_c20230105_part1of1.tar,22f50802-a22d-4ca3-8b89-4b6965690b8d
NCRMP_SFM_StRS_2019_SE1902_MHI_LAN_LAN-1767_c20230105_part1of1.tar,a567f6d8-b067-425c-877f-46f75331f5eb
NCRMP_SFM_StRS_2019_SE1902_MHI_LAN_LAN-1768_c20230105_part1of1.tar,f4719599-d8eb-410c-8ebb-fea4771a7f03
NCRMP_SFM_StRS_2019_SE1902_MHI_LAN_LAN-1777_c20230105_part1of1.tar,f29187a5-81aa-42d1-9652-6975d62b3ab0
NCRMP_SFM_StRS_2019_SE1902_MHI_LAN_LAN-1778_c20230105_part1of1.tar,23ad5560-8048-4f9b-a4b0-abe42327ffcd
NCRMP_SFM_StRS_2019_SE1902_MHI_LAN_LAN-1783_c20230105_part1of1.tar,251818ef-e5b3-4f10-82c1-ed740ee16f4e
NCRMP_SFM_StRS_2019_SE1902_MHI_LAN_LAN-1785_c20230105_part1of1.tar,b19c7846-99d4-4ea1-83fc-08e50c0b71a3
NCRMP_SFM_StRS_2019_SE1902_MHI_LAN_LAN-1789_c20230105_part1of1.tar,e7f5d283-63e5-4224-b4ea-defb167774f0
NCRMP_SFM_StRS_2019_SE1902_MHI_LAN_LAN-1795_c20230105_part1of1.tar,6baac56d-55ff-43cb-b4bc-8d6383a3ff57
NCRMP_SFM_StRS_2019_SE1902_MHI_LAN_LAN-1809_c20230105_part1of1.tar,588b519b-5a43-4df4-a79b-a4da0f5c87d8
NCRMP_SFM_StRS_2019_SE1902_MHI_LAN_LAN-1810_c20230105_part1of1.tar,7edbccb9-1cfe-438c-8d8f-c071fc67c759
NCRMP_SFM_StRS_2019_SE1902_MHI_LAN_LAN-1811_c20230105_part1of1.tar,5b8bbcf4-b742-4389-9345-d0750f697ebf
NCRMP_SFM_StRS_2019_SE1902_MHI_LAN_LAN-1813_c20230105_part1of1.tar,c8e10ed0-ef2e-49f6-9752-ecfa3ff182a6
NCRMP_SFM_StRS_2019_SE1902_MHI_LAN_LAN-1815_c20230105_part1of1.tar,1d760c97-ad71-4916-9cad-0082885f6b08
NCRMP_SFM_StRS_2019_SE1902_MHI_LAN_LAN-1817_c20230105_part1of1.tar,748d0d38-c3ad-4b9b-a7ca-2b79419c0b91
NCRMP_SFM_StRS_2019_SE1902_MHI_LAN_LAN-1818_c20230105_part1of1.tar,d92721dc-f243-4a69-8fcc-cb84a8f14144
NCRMP_SFM_StRS_2019_SE1902_MHI_LAN_LAN-1819_c20230105_part1of1.tar,18ddebb8-143f-47e3-ab63-834fd9083b80
NCRMP_SFM_StRS_2019_SE1902_MHI_LAN_LAN-1823_c20230105_part1of1.tar,e5692b74-4cd0-40dd-869f-b7eb9a182f95
NCRMP_SFM_StRS_2019_SE1902_MHI_LAN_LAN-1829_c20230105_part1of1.tar,19cebade-f650-462e-9830-04a97e9a8a3c
NCRMP_SFM_StRS_2019_SE1902_MHI_LAN_LAN-2008_c20230105_part1of1.tar,318c698c-4b31-46ac-8709-f7ded14f9579
NCRMP_SFM_StRS_2019_SE1902_MHI_LAN_LAN-2034_c20230105_part1of1.tar,fd06a716-25d4-4bd9-b246-4e22aaddaaba
NCRMP_SFM_StRS_2019_SE1902_MHI_LAN_LAN-2036_c20230105_part1of1.tar,7348be8f-cd1d-4df1-9237-465bcc6c5f23
NCRMP_SFM_StRS_2019_SE1902_MHI_LAN_LAN-2060_c20230105_part1of1.tar,6abf5818-0af3-472f-ae5c-67198bc5929b
NCRMP_SFM_StRS_2019_SE1902_MHI_LAN_LAN-2062_c20230105_part1of1.tar,36a30c69-29b5-4668-8a0d-0da84279f1f5
NCRMP_SFM_StRS_2019_SE1902_MHI_LAN_LAN-2065_c20230105_part1of1.tar,7fbba39f-ce98-4822-8c1d-1a458d9bf414
NCRMP_SFM_StRS_2019_SE1902_MHI_LAN_LAN-2068_c20230105_part1of1.tar,5b17b1ee-7ad4-4039-947c-82aaa7027b1f
NCRMP_SFM_StRS_2019_SE1902_MHI_MAI_MAI-2332_c20230105_part1of1.tar,da1d0e10-ca47-4cc6-a578-d4d92e5e9914
NCRMP_SFM_StRS_2019_SE1902_MHI_MAI_MAI-2337_c20230105_part1of1.tar,0f7296e6-ea88-48a6-b16e-53fd6abdf948
NCRMP_SFM_StRS_2019_SE1902_MHI_MAI_MAI-2341_c20230105_part1of1.tar,60a1beaf-6824-40cc-a22f-2eae5356bb2a
NCRMP_SFM_StRS_2019_SE1902_MHI_MAI_MAI-2344_c20230105_part1of1.tar,42fca4a2-83ad-45b9-b605-120b9ebae7fd
NCRMP_SFM_StRS_2019_SE1902_MHI_MAI_MAI-2349_c20230105_part1of1.tar,d62b381f-bf42-4f8f-89f2-340dc8b856e3
NCRMP_SFM_StRS_2019_SE1902_MHI_MAI_MAI-2350_c20230105_part1of1.tar,fe109026-165a-4779-9b6f-a17e48d724c9
NCRMP_SFM_StRS_2019_SE1902_MHI_MAI_MAI-2352_c20230105_part1of1.tar,a6619191-7bd1-40a7-bc1d-f1c933b7f031
NCRMP_SFM_StRS_2019_SE1902_MHI_MAI_MAI-2354_c20230105_part1of1.tar,252a21be-fbbc-48b3-a9b1-f731ffa12083
NCRMP_SFM_StRS_2019_SE1902_MHI_MAI_MAI-2362_c20230105_part1of1.tar,a0a2a446-8436-46c9-993f-42703c7cf8c0
NCRMP_SFM_StRS_2019_SE1902_MHI_MAI_MAI-2363_c20230105_part1of1.tar,f95984c9-f69e-4e06-b23c-c9c1c296631a
NCRMP_SFM_StRS_2019_SE1902_MHI_MAI_MAI-2374_c20230105_part1of1.tar,702fb29a-6af2-438e-ab0b-df7d17295e6d
NCRMP_SFM_StRS_2019_SE1902_MHI_MAI_MAI-2381_c20230105_part1of1.tar,63dce0a6-8bb3-43a7-909d-a89334682d1a
NCRMP_SFM_StRS_2019_SE1902_MHI_MAI_MAI-2384_c20230105_part1of1.tar,a23bdd36-6b4d-49fd-b927-e1dd491d8026
NCRMP_SFM_StRS_2019_SE1902_MHI_MAI_MAI-2385_c20230105_part1of1.tar,45b20d47-fd85-4cc5-9699-a09100831207
NCRMP_SFM_StRS_2019_SE1902_MHI_MAI_MAI-2387_c20230105_part1of1.tar,665bee17-f021-4fb2-9629-508b396102de
NCRMP_SFM_StRS_2019_SE1902_MHI_MAI_MAI-2392_c20230105_part1of1.tar,ee93830c-6964-414c-8325-d9620fd5237c
NCRMP_SFM_StRS_2019_SE1902_MHI_MAI_MAI-2394_c20230105_part1of1.tar,b4c06eba-203b-42bd-90cd-361d0fd65aa3
NCRMP_SFM_StRS_2019_SE1902_MHI_MAI_MAI-2396_c20230105_part1of1.tar,4ec9473b-fdce-406b-9ebc-e0134d674ddf
NCRMP_SFM_StRS_2019_SE1902_MHI_MAI_MAI-2437_c20230105_part1of1.tar,90add2ad-417e-4e93-97b5-5e390c3ed7da
NCRMP_SFM_StRS_2019_SE1902_MHI_MAI_MAI-2439_c20230105_part1of1.tar,f9a608f6-41fc-4f2f-a58e-e4356a30133c
NCRMP_SFM_StRS_2019_SE1902_MHI_MAI_MAI-2444_c20230105_part1of1.tar,db4d6cce-3302-46b7-ac03-cf6b08674748
NCRMP_SFM_StRS_2019_SE1902_MHI_MAI_MAI-2459_c20230105_part1of1.tar,fb4bd388-940b-4ac3-af96-7e43e63725e4
NCRMP_SFM_StRS_2019_SE1902_MHI_MAI_MAI-2461_c20230105_part1of1.tar,45654c86-871f-43d2-b38f-acd3632393ee
NCRMP_SFM_StRS_2019_SE1902_MHI_MAI_MAI-2466_c20230105_part1of1.tar,99270103-5a96-4ae3-8bc0-b911f42914cd
NCRMP_SFM_StRS_2019_SE1902_MHI_MAI_MAI-2481_c20230105_part1of2.tar,22f50486-716a-42cb-b819-75adb6d8d1fc
NCRMP_SFM_StRS_2019_SE1902_MHI_MAI_MAI-2481_c20230105_part2of2.tar,8ba6671f-d205-4e10-bfa4-345866b3222f
NCRMP_SFM_StRS_2019_SE1902_MHI_MAI_MAI-2483_c20230106_part1of2.tar,78babb56-5df0-423e-a0a9-56a6561a0949
NCRMP_SFM_StRS_2019_SE1902_MHI_MAI_MAI-2483_c20230106_part2of2.tar,33fbaa68-45e2-48cf-a091-710a01aed0d7
NCRMP_SFM_StRS_2019_SE1902_MHI_MAI_MAI-2489_c20230106_part1of1.tar,d27e7059-181d-445b-9ade-2ad4ee3abe63
NCRMP_SFM_StRS_2019_SE1902_MHI_MAI_MAI-2502_c20230106_part1of1.tar,bd29f729-fd9f-45fd-8b00-a8afb5c3e1e7
NCRMP_SFM_StRS_2019_SE1902_MHI_MAI_MAI-2505_c20230106_part1of1.tar,91e6b65a-e3f8-43af-95a9-c1fd65ac73d0
NCRMP_SFM_StRS_2019_SE1902_MHI_MAI_MAI-2515_c20230106_part1of1.tar,fdd30c74-85bd-430c-ad43-1ccad542d637
NCRMP_SFM_StRS_2019_SE1902_MHI_MAI_MAI-2520_c20230106_part1of1.tar,65859640-c852-49bd-ba0a-6e1505825a88
NCRMP_SFM_StRS_2019_SE1902_MHI_MAI_MAI-2527_c20230106_part1of2.tar,a4beae07-9422-4ad2-a221-ade17ead4917
NCRMP_SFM_StRS_2019_SE1902_MHI_MAI_MAI-2527_c20230106_part2of2.tar,e71dbe3e-ce9d-4804-8b4f-f142a52c0681
NCRMP_SFM_StRS_2019_SE1902_MHI_MAI_MAI-2529_c20230106_part1of1.tar,f2a49b43-72d5-494c-83cd-2b230175e93a
NCRMP_SFM_StRS_2019_SE1902_MHI_MAI_MAI-2530_c20230106_part1of1.tar,b9408bd5-cd38-4802-b083-7c4a9031dd3c
NCRMP_SFM_StRS_2019_SE1902_MHI_MAI_MAI-2532_c20230106_part1of2.tar,25ac3d35-b48c-4664-93d5-83b8b1ea8613
NCRMP_SFM_StRS_2019_SE1902_MHI_MAI_MAI-2532_c20230106_part2of2.tar,bdd20389-7674-4142-8a56-5032be1d45b7
NCRMP_SFM_StRS_2019_SE1902_MHI_MAI_MAI-2534_c20230106_part1of2.tar,a47e161a-4650-4666-82c1-adb9478132f9
NCRMP_SFM_StRS_2019_SE1902_MHI_MAI_MAI-2534_c20230106_part2of2.tar,8e2531fc-9ef0-4eec-8064-805a1dc960c4
NCRMP_SFM_StRS_2019_SE1902_MHI_MAI_MAI-2537_c20230106_part1of2.tar,b85833e4-cae2-46f3-bd81-f23d7fa4300d
NCRMP_SFM_StRS_2019_SE1902_MHI_MAI_MAI-2537_c20230106_part2of2.tar,f5da7fed-606f-414d-8833-ce098a6939df
NCRMP_SFM_StRS_2019_SE1902_MHI_MAI_MAI-2541_c20230106_part1of2.tar,2c1d57da-dfc1-4ce8-a808-cfa985c2644e
NCRMP_SFM_StRS_2019_SE1902_MHI_MAI_MAI-2541_c20230106_part2of2.tar,223945cf-514f-4bf2-8266-3fb8ace62fb2
NCRMP_SFM_StRS_2019_SE1902_MHI_MAI_MAI-2543_c20230106_part1of2.tar,8c3878b1-2696-4c93-8be2-43ed9e2b24ca
NCRMP_SFM_StRS_2019_SE1902_MHI_MAI_MAI-2543_c20230106_part2of2.tar,a3b2dd7a-5188-4a1a-b155-b3c6a07865e2
NCRMP_SFM_StRS_2019_SE1902_MHI_MAI_MAI-2544_c20230106_part1of1.tar,46ebd95c-13fb-47b6-b2b3-5a0dd969c942
NCRMP_SFM_StRS_2019_SE1902_MHI_MAI_MAI-2546_c20230106_part1of1.tar,020aa33d-d15c-4dda-9fb5-754b41657893
NCRMP_SFM_StRS_2019_SE1902_MHI_MAI_MAI-2567_c20230106_part1of1.tar,51262722-8fd6-4226-97f9-2baa04ab76b0
NCRMP_SFM_StRS_2019_SE1902_MHI_MAI_MAI-2586_c20230106_part1of1.tar,25f5fb85-597d-4718-b23f-6fb6dd51bba7
NCRMP_SFM_StRS_2019_SE1902_MHI_MAI_MAI-2664_c20230106_part1of1.tar,0c238a77-468e-4fa0-9652-31e89f530c91
NCRMP_SFM_StRS_2019_SE1902_MHI_MAI_MAI-2666_c20230106_part1of1.tar,435419e2-bece-4128-8a04-f98502123bee
NCRMP_SFM_StRS_2019_SE1902_MHI_MAI_MAI-2685_c20230106_part1of1.tar,cd253ea7-c92d-4ae7-bbb4-2ebdf183b942
NCRMP_SFM_StRS_2019_SE1902_MHI_MOL_MOL-2149_c20230106_part1of1.tar,62b2776a-8500-4e3a-85aa-1b7f84a8c1d6
NCRMP_SFM_StRS_2019_SE1902_MHI_MOL_MOL-2173_c20230106_part1of1.tar,0d3efbb2-18af-4688-9692-ede1c3dcedb5
NCRMP_SFM_StRS_2019_SE1902_MHI_MOL_MOL-2175_c20230106_part1of1.tar,f32ea59f-25b8-4ecd-a59a-a12a1fd27cf1
NCRMP_SFM_StRS_2019_SE1902_MHI_MOL_MOL-2183_c20230106_part1of1.tar,c2f4bcfd-b05a-44a7-8ab7-7b8434ad6f4e
NCRMP_SFM_StRS_2019_SE1902_MHI_MOL_MOL-2194_c20230106_part1of1.tar,d680b2ef-73df-4d77-ad0d-02eb5a2a5fa3
NCRMP_SFM_StRS_2019_SE1902_MHI_MOL_MOL-2197_c20230106_part1of1.tar,77ef4e17-24da-478d-be82-e22076275def
NCRMP_SFM_StRS_2019_SE1902_MHI_MOL_MOL-2201_c20230106_part1of1.tar,bf5c2755-cad3-4e52-b02b-a750351c6664
NCRMP_SFM_StRS_2019_SE1902_MHI_MOL_MOL-2209_c20230106_part1of1.tar,9a0b739a-ac28-4894-834d-d3d8b8215154
NCRMP_SFM_StRS_2019_SE1902_MHI_MOL_MOL-2212_c20230106_part1of1.tar,371887c3-5708-4260-b5bf-c10b4c3b7499
NCRMP_SFM_StRS_2019_SE1902_MHI_MOL_MOL-2214_c20230106_part1of1.tar,11aea021-b461-4bb6-a76a-2563ffad5295
NCRMP_SFM_StRS_2019_SE1902_MHI_MOL_MOL-2215_c20230106_part1of1.tar,56a9b157-7985-4a58-9426-8e488eaa3318
NCRMP_SFM_StRS_2019_SE1902_MHI_MOL_MOL-2221_c20230106_part1of1.tar,cf9d433e-4e12-4b8d-ba48-0053436651a2
NCRMP_SFM_StRS_2019_SE1902_MHI_MOL_MOL-2227_c20230106_part1of1.tar,55bcd65d-3af6-46c2-91e9-2e0f243b9a78
NCRMP_SFM_StRS_2019_SE1902_MHI_MOL_MOL-2233_c20230106_part1of1.tar,24b50cdb-0cde-4232-9077-f60c0f0f6481
NCRMP_SFM_StRS_2019_SE1902_MHI_MOL_MOL-2239_c20230106_part1of1.tar,6288a039-1d4f-4a57-938a-2830ceb83624
NCRMP_SFM_StRS_2019_SE1902_MHI_MOL_MOL-2240_c20230106_part1of1.tar,1f2d8e12-9c09-463e-bc10-95ae1df7f17d
NCRMP_SFM_StRS_2019_SE1902_MHI_MOL_MOL-2241_c20230106_part1of1.tar,ccf56d81-0b00-4e6a-b72a-9bd3a58f655c
NCRMP_SFM_StRS_2019_SE1902_MHI_MOL_MOL-2242_c20230106_part1of1.tar,ba8a2b3e-282e-4e6e-ad7a-520d0d82a336
NCRMP_SFM_StRS_2019_SE1902_MHI_MOL_MOL-2245_c20230106_part1of1.tar,306c027c-f26f-440a-a14f-13ded5470080
NCRMP_SFM_StRS_2019_SE1902_MHI_MOL_MOL-2250_c20230106_part1of1.tar,76e331c9-e75b-47a0-b5a4-0553944a23b4
NCRMP_SFM_StRS_2019_SE1902_MHI_MOL_MOL-2251_c20230106_part1of1.tar,00411d35-6c36-4447-b149-558bbbe6e477
NCRMP_SFM_StRS_2019_SE1902_MHI_MOL_MOL-2253_c20230106_part1of1.tar,fd7eb5b6-d0fd-475b-bd89-131fb84ab114
NCRMP_SFM_StRS_2019_SE1902_MHI_MOL_MOL-2254_c20230106_part1of1.tar,9c2db2a0-09dd-4136-a375-bf8731787bc9
NCRMP_SFM_StRS_2019_SE1902_MHI_MOL_MOL-2255_c20230106_part1of1.tar,91be7202-8d58-45b7-8f15-65a6e1b9ae92
NCRMP_SFM_StRS_2019_SE1902_MHI_MOL_MOL-2260_c20230106_part1of1.tar,e68b66a8-85e2-4eea-95e3-7687f3e56749
NCRMP_SFM_StRS_2019_SE1902_MHI_MOL_MOL-2263_c20230106_part1of1.tar,8b72325e-0943-4ffd-b22f-a054677f9bbd
NCRMP_SFM_StRS_2019_SE1902_MHI_MOL_MOL-2265_c20230106_part1of1.tar,d1016fac-93c3-4790-b25a-f48d78bc08bc
NCRMP_SFM_StRS_2019_SE1902_MHI_MOL_MOL-2275_c20230106_part1of1.tar,9b2f46d1-666f-4140-80e3-3f49d9422871
NCRMP_SFM_StRS_2019_SE1902_MHI_MOL_MOL-2280_c20230106_part2of2.tar,9a4f8d76-20ba-4a4d-bfc4-4030b7381877
NCRMP_SFM_StRS_2019_SE1902_MHI_MOL_MOL-2266_c20230106_part1of1.tar,e721f32d-cdd3-4a5b-835d-92606a1a3016
NCRMP_SFM_StRS_2019_SE1902_MHI_MOL_MOL-2276_c20230106_part1of1.tar,1e0a7734-a6c1-4dca-9ddc-9d1da132850c
NCRMP_SFM_StRS_2019_SE1902_MHI_MOL_MOL-2280_c20230106_part1of2.tar,4f5bdeff-b1a7-4ab6-ba96-fbbf9f6b6179
NCRMP_SFM_StRS_2019_SE1902_MHI_MOL_MOL-2283_c20230106_part1of1.tar,e650a335-af78-4825-85a7-64e114f0fef6
NCRMP_SFM_StRS_2019_SE1902_MHI_MOL_MOL-2286_c20230106_part1of1.tar,7f3ac67d-55ee-4d73-a218-76903b33be83
NCRMP_SFM_StRS_2019_SE1902_MHI_MOL_MOL-2291_c20230106_part1of1.tar,579e7f0b-eeb2-4d49-9fa3-7713c20cca71
NCRMP_SFM_StRS_2019_SE1902_MHI_MOL_MOL-2300_c20230106_part1of1.tar,8e9883a3-4948-4607-beb2-598a0fe09464
NCRMP_SFM_StRS_2019_SE1902_MHI_MOL_MOL-2306_c20230106_part1of1.tar,38d9be28-f985-449e-a9c5-579c922af2b9
NCRMP_SFM_StRS_2019_SE1902_MHI_MOL_MOL-2409_c20230106_part1of1.tar,7714f754-acfd-4e8f-b8ef-3bbd5daaef0b
NCRMP_SFM_StRS_2019_SE1902_MHI_MOL_MOL-2471_c20230106_part1of1.tar,5d15e36d-8df7-401b-9624-462d315f8509
NCRMP_SFM_StRS_2019_SE1902_MHI_MOL_MOL-2476_c20230106_part1of1.tar,eba53823-4409-4529-9b81-71de3379591b
NCRMP_SFM_StRS_2019_SE1902_MHI_MOL_MOL-2477_c20230106_part1of1.tar,edff7a92-a2ea-4041-80d0-625f2ab535ff
NCRMP_SFM_StRS_2019_SE1902_MHI_MOL_MOL-2488_c20230106_part1of1.tar,0b04aa89-9513-4053-9700-8b7d5e5021ac
NCRMP_SFM_StRS_2019_SE1902_MHI_MOL_MOL-2489_c20230106_part1of1.tar,ad0b6f3b-b9c1-4e25-8be6-c666e306971e
NCRMP_SFM_StRS_2019_SE1902_MHI_MOL_MOL-2497_c20230106_part1of1.tar,2f979018-77fe-4470-b22f-e0aab26b076b
NCRMP_SFM_StRS_2019_SE1902_MHI_NII_NII-1897_c20230106_part1of1.tar,95fa3d1a-b47e-42e1-a15e-1fdf3845f892
NCRMP_SFM_StRS_2019_SE1902_MHI_NII_NII-1950_c20230106_part1of1.tar,266038d9-2a9b-4d73-9bfc-77c2d3a19260
NCRMP_SFM_StRS_2019_SE1902_MHI_NII_NII-1977_c20230106_part1of1.tar,d0266ffa-55e5-450c-a14e-4f29e489f8b6
NCRMP_SFM_StRS_2019_SE1902_MHI_NII_NII-1987_c20230106_part1of1.tar,ff546578-75dc-460e-b350-6f3ec5592853
NCRMP_SFM_StRS_2019_SE1902_MHI_NII_NII-2504_c20230106_part1of1.tar,3d85fda9-23c6-455a-b0c7-0d0c377db647
NCRMP_SFM_StRS_2019_SE1902_MHI_NII_NII-2547_c20230106_part1of2.tar,1ff454e5-5fb5-4dd6-bdca-eac7df8e9ec2
NCRMP_SFM_StRS_2019_SE1902_MHI_NII_NII-2547_c20230106_part2of2.tar,905a36a9-c2f3-4161-8c05-6aa395ddf7d1
NCRMP_SFM_StRS_2019_SE1902_MHI_NII_NII-2552_c20230106_part1of2.tar,b2d14a3f-9d40-4078-86ee-c5b785ea6796
NCRMP_SFM_StRS_2019_SE1902_MHI_NII_NII-2552_c20230106_part2of2.tar,916daa21-b80d-4771-b7f0-eb43477bc18a
NCRMP_SFM_StRS_2019_SE1902_MHI_NII_NII-2559_c20230106_part1of2.tar,d9310f21-6e76-438a-b45a-a419c0e018c2
NCRMP_SFM_StRS_2019_SE1902_MHI_NII_NII-2559_c20230106_part2of2.tar,88709e7d-4bda-4db5-9d41-39812ad600f2
NCRMP_SFM_StRS_2019_SE1902_MHI_NII_NII-2572_c20230106_part1of1.tar,10765457-4692-4f65-b5e7-e99bd203b765
NCRMP_SFM_StRS_2019_SE1902_MHI_NII_NII-2580_c20230106_part1of2.tar,f34fa7c8-db65-4d6e-9eec-bae2f0391bca
NCRMP_SFM_StRS_2019_SE1902_MHI_NII_NII-2580_c20230106_part2of2.tar,4ea96a39-377c-4fd7-91cc-0aa1d669d247
NCRMP_SFM_StRS_2019_SE1902_MHI_NII_NII-2583_c20230106_part1of1.tar,11d46052-1563-4d81-9dfe-7a8a312d0b81
NCRMP_SFM_StRS_2019_SE1902_MHI_NII_NII-2584_c20230106_part1of2.tar,1c8821b8-90bc-433a-8549-fbfd616f34cb
NCRMP_SFM_StRS_2019_SE1902_MHI_NII_NII-2584_c20230106_part2of2.tar,8c5bc65d-8ff3-46ef-8e99-ddbe99e4f96b
NCRMP_SFM_StRS_2019_SE1902_MHI_NII_NII-2594_c20230106_part1of2.tar,96ad484b-a1f2-4a7c-8a06-94cb0c4c0656
NCRMP_SFM_StRS_2019_SE1902_MHI_NII_NII-2594_c20230106_part2of2.tar,1dd85ca2-8642-4394-863d-b148c22b13b5
NCRMP_SFM_StRS_2019_SE1902_MHI_OAH_OAH-2921_c20230106_part1of1.tar,14840eaa-d094-462a-865a-0585437dd16f
NCRMP_SFM_StRS_2019_SE1902_MHI_OAH_OAH-2955_c20230106_part1of1.tar,be521d5a-3690-4ee7-a3a8-05bff879b579
NCRMP_SFM_StRS_2019_SE1902_MHI_OAH_OAH-2965_c20230106_part1of1.tar,8985d7f0-552c-4e50-bb15-42a36df63f6a
NCRMP_SFM_StRS_2019_SE1902_MHI_OAH_OAH-3000_c20230106_part1of1.tar,aebeff91-1fa5-4df3-add4-2493fd1db61b
NCRMP_SFM_StRS_2019_SE1902_MHI_OAH_OAH-3004_c20230106_part1of1.tar,8ae49cd0-10c3-4df8-93f6-3f30c9280b33
NCRMP_SFM_StRS_2019_SE1902_MHI_OAH_OAH-3006_c20230106_part1of1.tar,d0d51cf7-2691-48bf-86f9-c0eecc1c415f
NCRMP_SFM_StRS_2019_SE1902_MHI_OAH_OAH-3051_c20230106_part1of1.tar,1b842fe0-241a-4200-a49b-f81a0a33e961
NCRMP_SFM_StRS_2019_SE1902_MHI_OAH_OAH-3052_c20230106_part1of2.tar,4eebd406-f56b-4d95-83aa-81ffbec5e97a
NCRMP_SFM_StRS_2019_SE1902_MHI_OAH_OAH-3052_c20230106_part2of2.tar,1722422a-4e42-449d-abb8-64bea98c126e
NCRMP_SFM_StRS_2019_SE1902_MHI_OAH_OAH-3057_c20230106_part1of1.tar,c4ce1186-abfd-4e31-9bcf-be1efdb8a32c
NCRMP_SFM_StRS_2019_SE1902_MHI_OAH_OAH-3065_c20230106_part1of2.tar,ca09fb8d-54d4-4c8e-a6c4-94784f201b79
NCRMP_SFM_StRS_2019_SE1902_MHI_OAH_OAH-3065_c20230106_part2of2.tar,a568c467-21fa-40f6-8ee9-2aff43bf8902
NCRMP_SFM_StRS_2019_SE1902_MHI_OAH_OAH-3078_c20230106_part1of1.tar,54516e86-7ff7-43be-a05a-0726b3a82eec
NCRMP_SFM_StRS_2019_SE1902_MHI_OAH_OAH-3084_c20230106_part1of1.tar,cc2666e5-959a-4c1f-8b41-630ed68842ea
NCRMP_SFM_StRS_2019_SE1902_MHI_OAH_OAH-3087_c20230106_part1of1.tar,26cd19c9-0b64-4d48-a531-bdcaf86fe1a1
NCRMP_SFM_StRS_2019_SE1902_MHI_OAH_OAH-3110_c20230106_part1of1.tar,5f8429f0-c372-49d5-8671-9809ee21b0f3
NCRMP_SFM_StRS_2019_SE1902_MHI_OAH_OAH-3112_c20230106_part1of1.tar,6a666cf0-174f-4dd7-b7d6-ed5719b17afb
NCRMP_SFM_StRS_2019_SE1902_MHI_OAH_OAH-3122_c20230106_part1of1.tar,5f030fcb-988b-41f3-b9fb-cfdd7135fd19
NCRMP_SFM_StRS_2019_SE1902_MHI_OAH_OAH-3232_c20230106_part1of1.tar,3e8071d1-519a-4b3b-a2ad-2134e69be0e7
NCRMP_SFM_StRS_2019_SE1902_MHI_OAH_OAH-3233_c20230106_part1of1.tar,6a4b662c-d797-47d6-baea-8e05794cbea7
NCRMP_SFM_StRS_2019_SE1902_MHI_OAH_OAH-3234_c20230106_part1of2.tar,fbda3a71-3166-4aae-a2d1-dfd490af280f
NCRMP_SFM_StRS_2019_SE1902_MHI_OAH_OAH-3234_c20230106_part2of2.tar,d5b4a341-69fa-4c0f-be5a-a7216906ae98
NCRMP_SFM_StRS_2019_SE1902_MHI_OAH_OAH-3235_c20230106_part1of1.tar,e7bba160-f69c-459d-9046-9fc17fa969d4
NCRMP_SFM_StRS_2019_SE1902_MHI_OAH_OAH-3242_c20230106_part1of1.tar,04ef290e-09fd-428a-8705-e0e81d941c38
NCRMP_SFM_StRS_2019_SE1902_MHI_OAH_OAH-3243_c20230106_part1of1.tar,0c3f6b7f-549b-4ba3-97e5-91253dbedff7
NCRMP_SFM_StRS_2019_SE1902_MHI_OAH_OAH-3259_c20230106_part1of1.tar,072b4e83-7454-4478-8a14-4d2e440afd79
NCRMP_SFM_StRS_2019_SE1902_MHI_OAH_OAH-3262_c20230106_part1of1.tar,71de3205-9611-40c1-9b6a-ebe87a083341
NCRMP_SFM_StRS_2019_SE1902_MHI_OAH_OAH-3265_c20230106_part1of1.tar,a687197b-b6e7-4587-9eb1-62cc5f89fc3d
NCRMP_SFM_StRS_2019_SE1902_MHI_OAH_OAH-3267_c20230106_part1of1.tar,8e25e1a3-95e8-4809-b078-7c422c561262
NCRMP_SFM_StRS_2019_SE1902_MHI_OAH_OAH-3272_c20230106_part1of1.tar,9c6c8f0c-6cad-4799-aef2-82412e58e849
NCRMP_SFM_StRS_2019_SE1902_MHI_OAH_OAH-3279_c20230106_part1of2.tar,1982cb62-a674-4bdb-bc3b-5973cff223ed
NCRMP_SFM_StRS_2019_SE1902_MHI_OAH_OAH-3279_c20230106_part2of2.tar,bbd8bf81-4972-47e3-aa58-10d8c454c69a
NCRMP_SFM_StRS_2019_SE1902_MHI_OAH_OAH-3282_c20230106_part1of1.tar,012987d3-7a71-4f38-b6b9-5fabc0a929cb
NCRMP_SFM_StRS_2019_SE1902_MHI_OAH_OAH-3284_c20230106_part1of1.tar,ef183c01-611f-40de-82d1-005c69ff0a4b
NCRMP_SFM_StRS_2019_SE1902_MHI_OAH_OAH-3286_c20230106_part1of1.tar,6a4a3b4f-12f4-4cb4-a02d-6d41e070b047
NCRMP_SFM_StRS_2019_SE1902_MHI_OAH_OAH-3288_c20230106_part1of1.tar,89575076-3193-461d-9471-56f5fc81045e
NCRMP_SFM_StRS_2019_SE1902_MHI_OAH_OAH-3292_c20230106_part1of1.tar,a8083393-4b64-4f2b-9178-b5b2e47a8386
NCRMP_SFM_StRS_2019_SE1902_MHI_OAH_OAH-3296_c20230106_part1of1.tar,be221645-f6ca-4eab-b060-3c3e9ca22f19
NCRMP_SFM_StRS_2019_SE1902_MHI_OAH_OAH-3301_c20230106_part1of1.tar,04901610-ad01-41e9-99df-0f5f64aff44f
NCRMP_SFM_StRS_2019_SE1902_MHI_OAH_OAH-3407_c20230106_part1of1.tar,cd1271fb-0dee-400c-a159-05bb36fcf39e
NCRMP_SFM_StRS_2019_SE1902_MHI_OAH_OAH-3413_c20230106_part1of1.tar,8623e1f3-30c0-43e3-8e24-64c54f113c4a
NCRMP_SFM_StRS_2019_SE1902_MHI_OAH_OAH-3432_c20230106_part1of1.tar,06221aee-c4d9-4285-ae62-e49f530e1333
NCRMP_SFM_StRS_2019_SE1902_MHI_OAH_OAH-3437_c20230106_part1of1.tar,77f37e67-d153-4662-b09f-1817a078c8d9
NCRMP_SFM_StRS_2019_SE1902_MHI_OAH_OAH-3444_c20230106_part1of1.tar,56f8010f-8481-49ba-a4f9-66991c88b094
NCRMP_SFM_StRS_2019_SE1902_MHI_OAH_OAH-3447_c20230106_part1of1.tar,96807757-fdad-43d0-93ce-35f4bb0e4582
NCRMP_SFM_StRS_2019_SE1902_MHI_OAH_OAH-3464_c20230106_part1of1.tar,e55a3b19-4281-4132-a209-6306c5936365
NCRMP_SFM_StRS_2019_SE1902_MHI_OAH_OAH-3473_c20230106_part1of1.tar,cdf6c9b1-cef6-49c7-8445-43f2c4d48033
NCRMP_SFM_StRS_2019_SE1902_MHI_OAH_OAH-3490_c20230106_part1of1.tar,6f5a84c9-9dfb-4762-9097-1ccabaa9db9c
NCRMP_SFM_StRS_2019_SE1902_MHI_OAH_OAH-3499_c20230106_part1of1.tar,356fb066-1c4e-4992-9066-3b08bf0793c9
NCRMP_SFM_StRS_2019_SE1902_MHI_OAH_OAH-3503_c20230106_part1of1.tar,7ff5f58f-d695-4503-adbf-f30a18bb2935
NCRMP_SFM_StRS_2019_SE1902_MHI_OAH_OAH-3526_c20230106_part1of1.tar,c9572ddb-8a26-4eb2-8847-b35b876ca4db
NCRMP_SFM_StRS_2019_SE1902_MHI_OAH_OAH-3550_c20230106_part1of1.tar,03487481-127d-4ed3-a062-b31f3bc6d4fd
NCRMP_SFM_StRS_2019_SE1902_MHI_OAH_OAH-4000_c20230106_part1of1.tar,701e51f4-ea99-460f-8682-2d20cac71ba7
NCRMP_SFM_StRS_2019_SE1902_MHI_OAH_OAH-4001_c20230106_part1of1.tar,6782ccf9-16b9-4921-970e-b6deff9747ec
NCRMP_SFM_StRS_2019_SE1902_MHI_OAH_OAH-4002_c20230106_part1of2.tar,b60fd4f9-bf34-48b5-b1f8-b7f090dd4c7f
NCRMP_SFM_StRS_2019_SE1902_MHI_OAH_OAH-4002_c20230106_part2of2.tar,55287174-1c14-4c57-a238-603733c3aec2
NCRMP_SFM_StRS_2019_SE1902_MHI_MAI_MAI-2686_c20230106_part1of1.tar,e68ee18f-70de-48ad-8c8d-11ab6d0a909a
NCRMP_SFM_StRS_2019_SE1902_MHI_MAI_MAI-2706_c20230106_part1of1.tar,b89cd350-ff90-487f-b95d-d64cbadb035c
NCRMP_SFM_StRS_2019_SE1902_MHI_MAI_MAI-2709_c20230106_part1of1.tar,0334d74e-3a4b-44bb-a535-2118c0d1c4e1
NCRMP_SFM_StRS_2019_SE1902_MHI_MOL_MOL-2153_c20230106_part1of1.tar,578ac487-5872-462c-ac22-bf2a9a38ebe1
NCRMP_SFM_StRS_2019_SE1902_MHI_MOL_MOL-2158_c20230106_part1of1.tar,b2e74e1e-59cc-4a43-96a4-143300489f4b
NCRMP_SFM_FIXED_2019_MP2001_MHI_OAH_OCC-OAH-005_c20230921_part1of2.tar,7044364c-ffd4-4f0d-bfe0-122867c23aba
NCRMP_SFM_FIXED_2019_MP2001_MHI_OAH_OCC-OAH-005_c20230921_part2of2.tar,7f445774-8ad7-485a-b926-489173a94147
NCRMP_SFM_FIXED_2019_MP2001_MHI_OAH_OCC-OAH-010_c20230921_part1of2.tar,e7abbc94-5b13-4566-a789-51faa3a57b3b
NCRMP_SFM_FIXED_2019_MP2001_MHI_OAH_OCC-OAH-010_c20230921_part2of2.tar,04014f40-38b2-48b0-91f3-0fcbb1610d7e
NCRMP_SFM_FIXED_2019_MP2001_MHI_OAH_OCC-OAH-038_c20230921_part1of2.tar,9e378c02-36bb-40d9-8601-ca427de98d8e
NCRMP_SFM_FIXED_2019_MP2001_MHI_OAH_OCC-OAH-038_c20230921_part2of2.tar,60c318ed-2a3a-4ca6-be8b-50c1400cf146
NCRMP_SFM_FIXED_2019_MP2001_MHI_OAH_OCC-OAH-039_c20230921_part1of2.tar,8d2b0014-6bea-4cc0-9612-7492e594ea4f
NCRMP_SFM_FIXED_2019_MP2001_MHI_OAH_OCC-OAH-039_c20230921_part2of2.tar,923b6039-6882-4cd0-97e9-7bbf6f08345c
NCRMP_SFM_FIXED_2019_MP2001_MHI_OAH_OCC-OAH-040_c20230921_part1of2.tar,a013c018-02ee-4df9-b3c7-490d358f8e43
NCRMP_SFM_FIXED_2019_MP2001_MHI_OAH_OCC-OAH-040_c20230921_part2of2.tar,08cfe478-6eea-4c15-9017-21ac2f65d359
NCRMP_SFM_FIXED_2019_MP2002_MHI_LAN_LAN-SIO-002_c20230726_part1of2.tar,48a62e18-9ce4-40c0-a07e-6e87da04b963
NCRMP_SFM_FIXED_2019_MP2002_MHI_LAN_LAN-SIO-002_c20230726_part2of2.tar,b59f62d9-380e-471f-bcfa-8525fc7bccb1
NCRMP_SFM_FIXED_2019_MP2002_MHI_LAN_LAN-SIO-005_c20230726_part1of2.tar,88952c44-f799-43f8-85ac-5e85a65c2e62
NCRMP_SFM_FIXED_2019_MP2002_MHI_LAN_LAN-SIO-005_c20230726_part2of2.tar,f1d2691e-75fa-412c-8565-7f46c206aa31
NCRMP_SFM_FIXED_2019_MP2003_MHI_HAW_HAW-SIO-997_c20230731_part1of2.tar,5d3bb2bb-14db-43c1-a6da-2558f5a737b5
NCRMP_SFM_FIXED_2019_MP2003_MHI_HAW_HAW-SIO-997_c20230731_part2of2.tar,2610f64f-f8f6-4dd1-88e0-4c78062a7879
NCRMP_SFM_FIXED_2019_MP2003_MHI_HAW_HAW-SIO-999_c20230921_part1of3.tar,5afee1a1-062c-4c8c-9536-1da878b16c3e
NCRMP_SFM_FIXED_2019_MP2003_MHI_HAW_HAW-SIO-999_c20230921_part2of3.tar,c3ff8423-d1e3-4073-b4a2-cb0095284d79
NCRMP_SFM_FIXED_2019_MP2003_MHI_HAW_HAW-SIO-999_c20230921_part3of3.tar,31af7a0d-f274-4e16-a4e4-7426dab327b2
NCRMP_SFM_FIXED_2019_MP2003_MHI_HAW_HAW-SIO-K08_c20230731_part1of3.tar,db8ba07d-e225-4fec-9510-3b7552a3d715
NCRMP_SFM_FIXED_2019_MP2003_MHI_HAW_HAW-SIO-K08_c20230731_part3of3.tar,97a6657c-4601-4538-87a0-2ef778460313
NCRMP_SFM_FIXED_2019_MP2003_MHI_HAW_HAW-SIO-K10_c20230921_part1of3.tar,1bde6e60-158d-494a-8ce6-db1fce86addf
NCRMP_SFM_FIXED_2019_MP2003_MHI_HAW_OCC-HAW-013_c20230921_part2of3.tar,8904996f-650f-41e8-80d4-0e392bedc6e2
NCRMP_SFM_FIXED_2019_MP2003_MHI_HAW_OCC-HAW-013_c20230921_part3of3.tar,22e19fb1-422e-4337-a010-54dd68875d97
